state,year,,congress.house,house.D,house.R,h.D.num,H.R.num,H.to.D,H.to.R,Senate,senate.D,senate.R,senate.D.num,senate.R.num,S.to.D,S.to.R,electoral,Elec.Num
alabama,1980,1,"4D, 3R",4D,3R,4,3,0.57,0.43,2D,2,0,2,0,1,0,R,0
alabama,1982,1,"4D, 3R",4D,3R,4,3,0.57,0.43,"1D,1R",1,1,1,1,1,1,R,0
alabama,1984,1,"5D, 2R",4D,3R,4,3,0.57,0.43,"1D,1R",1,1,1,1,1,1,R,0
alabama,1986,1,"5D, 2R",5D,2R,5,2,0.71,0.29,"1D,1R",1,1,1,1,1,1,R,0
alabama,1988,1,"5D, 2R",5D,2R,5,2,0.71,0.29,2D,2,0,2,0,1,0,R,0
alabama,1990,1,"5D, 2R",5D,2R,5,2,0.71,0.29,2D,2,0,2,0,1,0,R,0
alabama,1992,1,"5D, 2R",2D,5R,2,5,0.29,0.71,2D,0,2R,0,2,0,1,R,0
alabama,1994,1,"4D, 3R",2D,5R,2,5,0.29,0.71,2D,0,2R,0,2,0,1,R,0
alabama,1996,1,"4D, 3R",2D,5R,2,5,0.29,0.71,"1D,1R",0,2R,0,2,0,1,R,0
alabama,1998,1,"5R, 2D",2D,5R,2,5,0.29,0.71,2R,0,2R,0,2,0,1,R,0
alabama,2000,1,"5R, 2D",0,1R,0,1,0.00,1.00,2R,0,2,0,2,0,1,R,0
alabama,2002,1,"5R, 2D",0,1R,0,1,0.00,1.00,2R,0,2R,0,2,0,1,R,0
alabama,2004,1,"5R, 2D",0,1R,0,1,0.00,1.00,2R,0,2R,0,2,0,1,R,0
alabama,2006,1,"5R, 2D",0,1R,0,1,0.00,1.00,2R,0,2R,0,2,0,1,R,0
alabama,2008,1,"5R, 2D",0,1R,0,1,0.00,1.00,2R,0,2R,0,2,0,1,R,0
alabama,2010,1,"5R, 2D",0,1R,0,1,0.00,1.00,2R,0,2R,0,2,0,1,R,0
alabama,2012,1,"6R, 1D",0,1R,0,1,0.00,1.00,2R,0,2R,0,2,0,1,R,0
alabama,2014,1,"6R, 1D",0,1R,0,1,0.00,1.00,2R,0,2R,0,2,0,1,R,0
alabama,2016,1,"6R, 1D",0,1R,0,1,0.00,1.00,2R,0,2R,0,2,0,1,R,0
alaska,1980,1,1R,0,1R,0,1,0.00,1.00,"1D,1R",0,2R,0,2,0,1,R,0
alaska,1982,1,1R,0,1R,0,1,0.00,1.00,2R,0,2,0,2,0,1,R,0
alaska,1984,1,1R,2D,2R,2,2,0.50,0.50,2R,0,2,0,2,0,1,R,0
alaska,1986,1,1R,2D,2R,2,2,0.50,0.50,2R,0,2,0,2,0,1,R,0
alaska,1988,1,1R,3D,3R,3,3,0.50,0.50,2R,0,2,0,2,0,1,R,0
alaska,1990,1,1R,1D,4R,1,4,0.20,0.80,2R,0,2,0,2,0,1,R,0
alaska,1992,1,1R,1D,4R,1,4,0.20,0.80,2R,0,2,0,2,0,1,R,0
alaska,1994,1,1R,1D,4R,1,4,0.20,0.80,2R,0,2,0,2,0,1,R,0
alaska,1996,1,1R,4D,4R,4,4,0.50,0.50,2R,0,2R,0,2,0,1,R,0
alaska,1998,1,1R,5D,3R,5,3,0.63,0.38,2R,0,2R,0,2,0,1,R,0
alaska,2000,1,1R,1D,5R,1,5,0.17,0.83,2R,0,2R,0,2,0,1,R,0
alaska,2002,1,1R,1D,5R,1,5,0.17,0.83,2R,0,2R,0,2,0,1,R,0
alaska,2004,1,1R,2D,2R,2,2,0.50,0.50,2R,0,2,0,2,0,1,R,0
alaska,2006,1,1R,2D,2R,2,2,0.50,0.50,2R,0,2,0,2,0,1,R,0
alaska,2008,1,1R,2D,2R,2,2,0.50,0.50,2R,0,2,0,2,0,1,R,0
alaska,2010,1,1R,2D,2R,2,2,0.50,0.50,"1D,1R",1,1,1,1,1,1,R,0
alaska,2012,1,1R,2D,2R,2,2,0.50,0.50,"1D,1R",1,1,1,1,1,1,R,0
alaska,2014,1,1R,2D,2R,2,2,0.50,0.50,"1D,1R",1,1,1,1,1,1,R,0
alaska,2016,1,1R,2D,2R,2,2,0.50,0.50,"1D,1R",1,1,1,1,1,1,R,0
arizona,1980,1,"2R, 2D",3D,1R,3,1,0.75,0.25,"1D,1R",1,1,1,1,1,1,R,0
arizona,1982,1,"2R, 2D",3D,1R,3,1,0.75,0.25,"1D,1R",1,1,1,1,1,1,R,0
arizona,1984,1,"3R, 2D",3D,1R,3,1,0.75,0.25,"1D,1R",1,1,1,1,1,1,R,0
arizona,1986,1,"4R, 1D",3D,1R,3,1,0.75,0.25,"1D,1R",1,1,1,1,1,1,R,0
arizona,1988,1,"4R, 1D",3D,1R,3,1,0.75,0.25,"1D,1R",1,1,1,1,1,1,R,0
arizona,1990,1,"4R, 1D",22D,1R,22,1,0.96,0.04,"1D,1R",1,1,1,1,1,1,R,0
arizona,1992,1,"4R, 1D",25D,8R,25,8,0.76,0.24,"1D,1R",1,1,1,1,1,1,R,0
arizona,1994,1,"3R, 3D",26D,9R,26,9,0.74,0.26,"1D,1R",1,1,1,1,1,1,R,0
arizona,1996,1,"5R, 1D",26D,9R,26,9,0.74,0.26,2R,2,1,2,1,1,1,D,1
arizona,1998,1,"5R, 1D",28D,7R,28,7,0.80,0.20,2R,2,1,2,1,1,1,D,1
arizona,2000,1,"5R, 1D",28D,7R,28,7,0.80,0.20,2R,2,1,2,1,1,1,R,0
arizona,2002,1,"5R, 1D",28D,7R,28,7,0.80,0.20,2R,2,1,2,1,1,1,R,0
arizona,2004,1,"6R, 2D",28D,4R,28,4,0.88,0.13,2R,2,0,0,2,0,1,R,0
arizona,2006,1,"6R, 2D",30D,2R,30,2,0.94,0.06,2R,2,0,0,2,0,1,R,0
arizona,2008,1,"4R, 4D",30D,2R,30,2,0.94,0.06,2R,2,0,0,2,0,1,R,0
arizona,2010,1,"5D, 3R",32D,0,32,0,1.00,0.00,2R,2,0,0,2,0,1,R,0
arizona,2012,1,"5R, 3D",34D,9R,34,9,0.79,0.21,2R,2,0,0,2,0,1,R,0
arizona,2014,1,"5D, 4R",34D,9R,34,9,0.79,0.21,2R,2,0,0,2,0,1,R,0
arizona,2016,1,"5R, 4D",39D,4R,39,4,0.91,0.09,2R,2,0,0,2,0,1,R,0
arkansas,1980,1,"2D, 2R",3D,2R,3,2,0.60,0.40,,1,1,1,1,1,1,R,0
arkansas,1982,1,"2D, 2R",3D,2R,3,2,0.60,0.40,1D,1,1,1,1,1,1,R,0
arkansas,1984,1,"2D, 2R",3D,3R,3,3,0.50,0.50,1D,1,1,1,1,1,1,R,0
arkansas,1986,1,"3D, 1R",3D,3R,3,3,0.50,0.50,2D,1,1,1,1,1,1,R,0
arkansas,1988,1,"3D, 1R",3D,3R,3,3,0.50,0.50,1D,1,1,1,1,1,1,R,0
arkansas,1990,1,"2D, 2R",4D,3R,4,3,0.57,0.43,1D,1,1,1,1,1,1,R,0
arkansas,1992,1,"3D, 1R",2D,4R,2,4,0.33,0.67,,0,2R,0,2,0,1,D,1
arkansas,1994,1,"2D, 2R",2D,4R,2,4,0.33,0.67,,0,2R,0,2,0,1,D,1
arkansas,1996,1,"2D, 2R",3D,4R,3,4,0.43,0.57,,1,1,1,1,1,1,D,1
arkansas,1998,1,"2D, 2R",3D,3R,3,3,0.50,0.50,1R,1,1,1,1,1,1,D,1
arkansas,2000,1,"2D, 2R",3D,3R,3,3,0.50,0.50,"1D,1R",2,0,1,1,1,1,R,0
arkansas,2002,1,"3D, 1R",3D,3R,3,3,0.50,0.50,"1D,1R",2,0,1,1,1,1,R,0
arkansas,2004,1,"3D, 1R",3D,3R,3,3,0.50,0.50,2D,2,0,2,0,1,0,R,0
arkansas,2006,1,"3D, 1R",3D,3R,3,3,0.50,0.50,1D,2,0,1,1,1,1,R,0
arkansas,2008,1,"3D, 1R",4D,2R,4,2,0.67,0.33,1D,1,1,1,1,1,1,R,0
arkansas,2010,1,"3D, 1R",4D,2R,4,2,0.67,0.33,,1,1,1,1,1,1,R,0
arkansas,2012,1,"3R, 1D",4D,2R,4,2,0.67,0.33,1R,2,0,1,1,1,1,R,0
arkansas,2014,1,4R,4D,1R,4,1,0.80,0.20,1R,1,1,1,1,1,1,R,0
arkansas,2016,1,4R,5D,1R,5,1,0.83,0.17,2R,1,1,1,1,1,1,R,0
california,1980,1,"25D, 18R",5D,1R,5,1,0.83,0.17,"1I,1w,1H,1D,1y,1S,1k,4a",1,1,1,1,1,1,R,0
california,1982,1,"22D, 21R",5D,0,5,0,1.00,0.00,"1I,1w,1H,1D,1y,1S,1k,4a",2,0,1,1,1,1,D,1
california,1984,1,"28D, 17R",5D,0,5,0,1.00,0.00,"1D,1R",2,0,1,1,1,1,R,0
california,1986,1,"28D, 17R",1D,0,1,0,1.00,0.00,"1D,1R",1,1,1,1,1,1,D,1
california,1988,1,"28D, 17R",1D,0,1,0,1.00,0.00,"1D,1R",1,1,1,1,1,1,R,0
california,1990,1,"28D, 17R",1D,0,1,0,1.00,0.00,"1D,1R",1,1,1,1,1,1,D,1
california,1992,1,"26D, 19R",1D,0,1,0,1.00,0.00,2D,2,0,2,0,1,0,D,1
california,1994,1,"30D, 22R",0,1R,0,1,0.00,1.00,2D,1,1,1,1,1,1,D,1
california,1996,1,"26D, 26R",0,1R,0,1,0.00,1.00,2D,1,1,1,1,1,1,D,1
california,1998,1,"29D, 23R",0,1R,0,1,0.00,1.00,2D,2,0,2,0,1,0,D,1
california,2000,1,"28D, 24R",0,1R,0,1,0.00,1.00,2D,2,0,2,0,1,0,D,1
california,2002,1,"32D, 20R",0,13R,0,13,0.00,1.00,2D,1D,1R,1,1,1,1,D,1
california,2004,1,"33D, 20R",0,15R,0,15,0.00,1.00,2D,1D,1R,1,1,1,1,D,1
california,2006,1,"33D, 20R",0,15R,0,15,0.00,1.00,2D,2D,0,2,0,1,0,D,1
california,2008,1,"34D, 19R",0,16R,0,16,0.00,1.00,2D,1D,1R,1,1,1,1,D,1
california,2010,1,"34D, 19R",0,15R,0,15,0.00,1.00,2D,1D,1R,1,1,1,1,D,1
california,2012,1,"34D, 19R",0,17R,0,17,0.00,1.00,2D,1D,1R,1,1,1,1,D,1
california,2014,1,"38D, 15R",11D,4R,11,4,0.73,0.27,2D,1D,1R,1,1,1,1,D,1
california,2016,1,"39D, 14R",8D,11R,8,11,0.42,0.58,2D,1D,1R,1,1,1,1,D,1
colorado,1980,1,"3D, 2R",12D,3R,12,3,0.80,0.20,"1D,1R",2D,0,1,1,1,1,R,0
colorado,1982,1,"3D, 2R",12D,7R,12,7,0.63,0.37,"1D,1R",2D,0,1,1,1,1,R,0
colorado,1984,1,"3D, 3R",9D,1R,9,1,0.90,0.10,"1D,1R",2D,0,1,1,1,1,R,0
colorado,1986,1,"4R, 2D",9D,1R,9,1,0.90,0.10,"1D,1R",1D,1R,1,1,1,1,R,0
colorado,1988,1,"3R, 3D",8D,2R,8,2,0.80,0.20,"1D,1R",2D,0,1,1,1,1,R,0
colorado,1990,1,"3R, 3D",9D,1R,9,1,0.90,0.10,"1D,1R",2D,0,1,1,1,1,R,0
colorado,1992,1,"3R, 3D",9D,1R,9,1,0.90,0.10,"1D,1R",2D,0,1,1,1,1,D,1
colorado,1994,1,"4R, 2D",7D,4R,7,4,0.64,0.36,"1D,1R",1D,1R,1,1,1,1,D,1
colorado,1996,1,"4R, 2D",0,8R,0,8,0.00,1.00,2R,1D,1R,1,1,1,1,R,0
colorado,1998,1,"4R, 2D",0,8R,0,8,0.00,1.00,2R,2D,0,0,2,0,1,R,0
colorado,2000,1,"4R, 2D",0,7R,0,7,0.00,1.00,2R,0,2R,0,2,0,1,R,0
colorado,2002,1,"4R, 2D",0,7R,0,7,0.00,1.00,2R,0,2R,0,2,0,1,R,0
colorado,2004,1,"5R, 2D",0,10R,0,10,0.00,1.00,2R,0,2R,0,2,0,1,R,0
colorado,2006,1,"4R, 3D",2D,0,2,0,1.00,0.00,"1D,1R",2D,0,1,1,1,1,R,0
colorado,2008,1,"4D, 3R",1D,1R,1,1,0.50,0.50,"1D,1R",1D,0,1,1,1,1,D,1
colorado,2010,1,"5D, 2R",1D,1R,1,1,0.50,0.50,2D,2D,0,2,0,1,0,D,1
colorado,2012,1,"4R, 3D",0,1R,0,1,0.00,1.00,2D,2D,0,2,0,1,0,D,1
colorado,2014,1,"4R, 3D",2D,0,2,0,1.00,0.00,2D,2D,0,2,0,1,0,D,1
colorado,2016,1,"4R, 3D",2D,0,2,0,1.00,0.00,"1D,1R",2D,0,1,1,1,1,D,1
connecticut,1980,1,"5D, 1R",2D,0,2,0,1.00,0.00,"1D,1R",2D,0,1,1,1,1,R,0
connecticut,1982,1,"4D, 2R",2D,0,2,0,1.00,0.00,"1D,1R",2D,0,1,1,1,1,R,0
connecticut,1984,1,"4D, 2R",2D,0,2,0,1.00,0.00,"1D,1R",2D,0,1,1,1,1,R,0
connecticut,1986,1,"3D, 3R",0,2R,0,2,0.00,1.00,"1D,1R",1D,1R,1,1,1,1,R,0
connecticut,1988,1,"3D, 3R",0,2R,0,2,0.00,1.00,"1D,1R",0,2R,0,2,0,1,R,0
connecticut,1990,1,"3D, 3R",1D,1R,1,1,0.50,0.50,2D,0,2R,0,2,0,1,R,0
connecticut,1992,1,"3D, 3R",1D,1R,1,1,0.50,0.50,2D,0,2R,0,2,0,1,D,1
connecticut,1994,1,"3D, 3R",2D,0,2,0,1.00,0.00,2D,0,2R,0,2,0,1,D,1
connecticut,1996,1,"3D, 3R",1D,1R,1,1,0.50,0.50,2D,0,2R,0,2,0,1,D,1
connecticut,1998,1,"4D, 2R",0,2R,0,2,0.00,1.00,2D,0,2R,0,2,0,1,D,1
connecticut,2000,1,"4D, 2R",0,2R,0,2,0.00,1.00,2D,0,2R,0,2,0,1,D,1
connecticut,2002,1,"3D, 3R",0,2R,0,2,0.00,1.00,2D,0,2R,0,2,0,1,D,1
connecticut,2004,1,"3R, 2D",1D,1R,1,1,0.50,0.50,2D,0,2R,0,2,0,1,D,1
connecticut,2006,1,"3R, 2D",0,14R,0,14,0.00,1.00,2D,1D,1R,1,1,1,1,D,1
connecticut,2008,1,"4D, 1R",0,14R,0,14,0.00,1.00,"1I,1i,1J,1a,3e,1L,1n,1m,1b,2D,1o,1r",1D,1R,1,1,1,1,D,1
connecticut,2010,1,5D,10D,0,10,0,1.00,0.00,"1I,1i,1J,1a,3e,1L,1n,1m,1b,2D,1o,1r",1D,1R,1,1,1,1,D,1
connecticut,2012,1,5D,10D,0,10,0,1.00,0.00,"1I,1i,1J,1a,3e,1L,1n,1m,1b,2D,1o,1r",1D,1R,1,1,1,1,D,1
connecticut,2014,1,5D,10D,8R,10,8,0.56,0.44,2D,1D,1R,1,1,1,1,D,1
connecticut,2016,1,5D,11D,8R,11,8,0.58,0.42,2D,2D,0,2,0,1,0,D,1
delaware,1980,1,1R,12D,8R,12,8,0.60,0.40,"1D,1R",2D,0,1,1,1,1,R,0
delaware,1982,1,1R,12D,7R,12,7,0.63,0.37,"1D,1R",2D,0,1,1,1,1,R,0
delaware,1984,1,1D,13D,9R,13,9,0.59,0.41,"1D,1R",2D,0,1,1,1,1,R,0
delaware,1986,1,1D,14D,8R,14,8,0.64,0.36,"1D,1R",2D,0,1,1,1,1,R,0
delaware,1988,1,1D,15D,7R,15,7,0.68,0.32,"1D,1R",2D,0,1,1,1,1,R,0
delaware,1990,1,1D,5D,4R,5,4,0.56,0.44,"1D,1R",1D,1R,1,1,1,1,R,0
delaware,1992,1,1D,5D,4R,5,4,0.56,0.44,"1D,1R",1D,1R,1,1,1,1,R,0
delaware,1994,1,1R,6D,4R,6,4,0.60,0.40,"1D,1R",0,2R,0,2,0,1,D,1
delaware,1996,1,1R,4D,6R,4,6,0.40,0.60,"1D,1R",1D,1R,1,1,1,1,D,1
delaware,1998,1,1R,4D,6R,4,6,0.40,0.60,"1D,1R",1D,1R,1,1,1,1,D,1
delaware,2000,1,1R,7D,4R,7,4,0.64,0.36,"1D,1R",1D,1R,1,1,1,1,D,1
delaware,2002,1,1R,7D,3R,7,3,0.70,0.30,2D,0,2R,0,2,0,1,D,1
delaware,2004,1,1R,7D,3R,7,3,0.70,0.30,2D,0,2R,0,2,0,1,D,1
delaware,2006,1,1R,2D,7R,2,7,0.22,0.78,2D,1D,1R,1,1,1,1,D,1
delaware,2008,1,1R,8D,2R,8,2,0.80,0.20,2D,0,2R,0,2,0,1,D,1
delaware,2010,1,1R,3D,3R,3,3,0.50,0.50,2D,1D,1R,1,1,1,1,D,1
delaware,2012,1,1D,3D,3R,3,3,0.50,0.50,2D,0,2R,0,2,0,1,D,1
delaware,2014,1,1D,3D,2R,3,2,0.60,0.40,2D,1D,1R,1,1,1,1,D,1
delaware,2016,1,1D,3D,2R,3,2,0.60,0.40,2D,1D,1R,1,1,1,1,D,1
florida,1980,1,"12D, 3R",1D,3R,1,3,0.25,0.75,2D,0,2R,0,2,0,1,R,0
florida,1982,1,"11D, 4R",2D,4R,2,4,0.33,0.67,"1D,1R",1D,1R,1,1,1,1,R,0
florida,1984,1,"13D, 6R",2D,4R,2,4,0.33,0.67,"1D,1R",1D,1R,1,1,1,1,R,0
florida,1986,1,"12D, 7R",2D,4R,2,4,0.33,0.67,"1D,1R",1D,1R,1,1,1,1,R,0
florida,1988,1,"12D, 7R",1D,4R,1,4,0.20,0.80,2D,1D,1R,1,1,1,1,R,0
florida,1990,1,"11R, 8D",1D,4R,1,4,0.20,0.80,"1D,1R",1D,1R,1,1,1,1,R,0
florida,1992,1,"10R, 9D",1D,4R,1,4,0.20,0.80,"1D,1R",1D,1R,1,1,1,1,R,0
florida,1994,1,"13R, 10D",2D,2R,2,2,0.50,0.50,"1D,1R",0,2R,0,2,0,1,R,0
florida,1996,1,"15R, 8D",2D,2R,2,2,0.50,0.50,"1D,1R",0,2R,0,2,0,1,D,1
florida,1998,1,"15R, 8D",2D,3R,2,3,0.40,0.60,"1D,1R",0,2R,0,2,0,1,D,1
florida,2000,1,"15R, 8D",2D,3R,2,3,0.40,0.60,"1D,1R",0,2R,0,2,0,1,R,0
florida,2002,1,"15R, 8D",2D,3R,2,3,0.40,0.60,2D,0,2R,0,2,0,1,R,0
florida,2004,1,"18R, 7D",1D,3R,1,3,0.25,0.75,2D,0,2R,0,2,0,1,R,0
florida,2006,1,"18R, 7D",1D,3R,1,3,0.25,0.75,"1D,1R",0,2R,0,2,0,1,R,0
florida,2008,1,"16R, 9D",1D,3R,1,3,0.25,0.75,"1D,1R",0,2R,0,2,0,1,D,1
florida,2010,1,"15R, 10D",1D,4R,1,4,0.20,0.80,"1D,1R",0,2R,0,2,0,1,D,1
florida,2012,1,"19R, 6D",1D,4R,1,4,0.20,0.80,"1D,1R",0,2R,0,2,0,1,D,1
florida,2014,1,"17R, 10D",0,4R,0,4,0.00,1.00,"1D,1R",0,2R,0,2,0,1,D,1
florida,2016,1,"17R, 10D",3D,3R,3,3,0.50,0.50,"1D,1R",1D,1R,1,1,1,1,R,0
georgia,1980,1,"9D, 1R",4D,3R,4,3,0.57,0.43,2D,2D,0,2,0,1,0,D,1
georgia,1982,1,"9D, 1R",4D,3R,4,3,0.57,0.43,"1D,1R",2D,0,1,1,1,1,D,1
georgia,1984,1,"9D, 1R",4D,3R,4,3,0.57,0.43,"1D,1R",1D,1R,1,1,1,1,R,0
georgia,1986,1,"8D, 2R",4D,3R,4,3,0.57,0.43,"1D,1R",1D,1R,1,1,1,1,R,0
georgia,1988,1,"8D, 2R",4D,3R,4,3,0.57,0.43,2D,1D,1R,1,1,1,1,R,0
georgia,1990,1,"9D, 1R",2D,4R,2,4,0.33,0.67,2D,0,2R,0,2,0,1,R,0
georgia,1992,1,"9D, 1R",2D,4R,2,4,0.33,0.67,2D,0,2R,0,2,0,1,D,1
georgia,1994,1,"7D, 4R",1D,5R,1,5,0.17,0.83,"1D,1R",0,2R,0,2,0,1,D,1
georgia,1996,1,"8R, 3D",1D,5R,1,5,0.17,0.83,"1D,1R",0,2R,0,2,0,1,R,0
georgia,1998,1,"8R, 3D",1D,5R,1,5,0.17,0.83,"1D,1R",0,2R,0,2,0,1,R,0
georgia,2000,1,"8R, 3D",4D,4R,4,4,0.50,0.50,"1D,1R",2D,0,1,1,1,1,R,0
georgia,2002,1,"8R, 3D",4D,3R,4,3,0.57,0.43,2D,2D,0,2,0,1,0,R,0
georgia,2004,1,"8R, 5D",5D,3R,5,3,0.63,0.38,"1D,1R",2D,0,1,1,1,1,R,0
georgia,2006,1,"7R, 6D",5D,3R,5,3,0.63,0.38,2R,2D,0,0,2,0,1,R,0
georgia,2008,1,"7R, 6D",2D,5R,2,5,0.29,0.71,2R,2D,0,0,2,0,1,R,0
georgia,2010,1,"7R, 6D",2D,5R,2,5,0.29,0.71,2R,2D,0,0,2,0,1,R,0
georgia,2012,1,"8R, 5D",2D,5R,2,5,0.29,0.71,2R,1D,1R,1,1,1,1,R,0
georgia,2014,1,"9R, 5D",1D,5R,1,5,0.17,0.83,2R,0,2R,0,2,0,1,R,0
georgia,2016,1,"10R, 4D",6D,2R,6,2,0.75,0.25,2R,2D,0,0,2,0,1,R,0
hawaii,1980,1,2D,1D,6R,1,6,0.14,0.86,,1D,1R,1,1,1,1,D,1
hawaii,1982,1,2D,1D,1R,1,1,0.50,0.50,1D,1D,1R,1,1,1,1,D,1
hawaii,1984,1,2D,1D,1R,1,1,0.50,0.50,2D,0,1R,0,2,0,1,R,0
hawaii,1986,1,2D,1D,1R,1,1,0.50,0.50,2D,2D,0,2,0,1,0,R,0
hawaii,1988,1,"1D,1R",2D,0,2,0,1.00,0.00,1D,2D,0,1,1,1,1,D,1
hawaii,1990,1,"1D,1R",2D,0,2,0,1.00,0.00,,0,1R,0,2,0,1,D,1
hawaii,1992,1,2D,2D,0,2,0,1.00,0.00,,2D,0,2,0,1,0,D,1
hawaii,1994,1,2D,0,2R,0,2,0.00,1.00,,2D,0,2,0,1,0,D,1
hawaii,1996,1,2D,0,2R,0,2,0.00,1.00,,2D,0,2,0,1,0,D,1
hawaii,1998,1,2D,4D,4R,4,4,0.50,0.50,,1D,0,1,1,1,1,D,1
hawaii,2000,1,2D,4D,4R,4,4,0.50,0.50,,1D,0,1,1,1,1,D,1
hawaii,2002,1,2D,4D,4R,4,4,0.50,0.50,1D,1D,0,1,1,1,1,D,1
hawaii,2004,1,2D,6D,2R,6,2,0.75,0.25,1D,0,1R,0,2,0,1,D,1
hawaii,2006,1,2D,6D,2R,6,2,0.75,0.25,1D,2D,0,1,1,1,1,D,1
hawaii,2008,1,2D,6D,2R,6,2,0.75,0.25,,1D,0,1,1,1,1,D,1
hawaii,2010,1,"1D,1R",6D,2R,6,2,0.75,0.25,,1D,0,1,1,1,1,D,1
hawaii,2012,1,2D,7D,1R,7,1,0.88,0.13,,2D,0,2,0,1,0,D,1
hawaii,2014,1,2D,7D,1R,7,1,0.88,0.13,2D,1D,0,1,1,1,1,D,1
hawaii,2016,1,2D,7D,1R,7,1,0.88,0.13,2D,2D,0,2,0,1,0,D,1
idaho,1980,1,2R,10D,2R,10,2,0.83,0.17,"1D,1R",2D,0,1,1,1,1,R,0
idaho,1982,1,2R,10D,2R,10,2,0.83,0.17,2R,2D,0,2,0,1,0,R,0
idaho,1984,1,2R,10D,1R,10,1,0.91,0.09,2R,2D,0,2,0,1,0,R,0
idaho,1986,1,"1D,1R",10D,1R,10,1,0.91,0.09,2R,2D,0,2,0,1,0,R,0
idaho,1988,1,"1D,1R",10D,0,10,0,1.00,0.00,2R,2D,0,2,0,1,0,R,0
idaho,1990,1,"1D,1R",10D,0,10,0,1.00,0.00,2R,2D,0,2,0,1,0,R,0
idaho,1992,1,2D,10D,0,10,0,1.00,0.00,2R,2D,0,2,0,1,0,R,0
idaho,1994,1,"1D,1R",10D,0,10,0,1.00,0.00,2R,2D,0,2,0,1,0,R,0
idaho,1996,1,2R,10D,0,10,0,1.00,0.00,2R,1D,1R,1,1,1,1,R,0
idaho,1998,1,2R,11D,0,11,0,1.00,0.00,2R,2D,0,2,0,1,0,R,0
idaho,2000,1,2R,8D,2R,8,2,0.80,0.20,2R,2D,0,2,0,1,0,R,0
idaho,2002,1,2R,9D,0,9,0,1.00,0.00,2R,2D,0,2,0,1,0,R,0
idaho,2004,1,2R,10D,6R,10,6,0.63,0.38,2R,1D,1R,1,1,1,1,R,0
idaho,2006,1,2R,8D,7R,8,7,0.53,0.47,2R,2D,0,2,0,1,0,R,0
idaho,2008,1,2R,6D,9R,6,9,0.40,0.60,2R,2D,0,2,0,1,0,R,0
idaho,2010,1,"1D,1R",5D,9R,5,9,0.36,0.64,2R,2D,0,2,0,1,0,R,0
idaho,2012,1,2R,4D,4R,4,4,0.50,0.50,2R,0,2R,0,2,0,1,R,0
idaho,2014,1,2R,5D,3R,5,3,0.63,0.38,2R,0,2R,0,2,0,1,R,0
idaho,2016,1,2R,5D,3R,5,3,0.63,0.38,2R,0,2R,0,2,0,1,R,0
illinois,1980,1,"14R, 10D",5D,3R,5,3,0.63,0.38,"1D,1R",1D,1R,1,1,1,1,R,0
illinois,1982,1,"14R, 10D",5D,3R,5,3,0.63,0.38,"1D,1R",1D,1R,1,1,1,1,R,0
illinois,1984,1,"12D, 10R",5D,3R,5,3,0.63,0.38,"1D,1R",1D,1R,1,1,1,1,R,0
illinois,1986,1,"13D, 9R",5D,3R,5,3,0.63,0.38,2D,0,2R,0,2,0,1,R,0
illinois,1988,1,"13D, 9R",3D,5R,3,5,0.38,0.63,2D,0,2R,0,2,0,1,R,0
illinois,1990,1,"14D, 8R",6D,2R,6,2,0.75,0.25,2D,0,2R,0,2,0,1,R,0
illinois,1992,1,"15D, 7R",6D,2R,6,2,0.75,0.25,2D,0,2R,0,2,0,1,D,1
illinois,1994,1,"12D, 8R",6D,2R,6,2,0.75,0.25,2D,1D,1R,1,1,1,1,D,1
illinois,1996,1,"10D, 10R",3D,2R,3,2,0.60,0.40,2D,1D,1R,1,1,1,1,D,1
illinois,1998,1,"10D, 10R",3D,2R,3,2,0.60,0.40,2D,0,2R,0,2,0,1,D,1
illinois,2000,1,"10D, 10R",3D,1R,3,1,0.75,0.25,"1D,1R",0,2R,0,2,0,1,D,1
illinois,2002,1,"10D, 10R",3D,1R,3,1,0.75,0.25,"1D,1R",0,2R,0,2,0,1,D,1
illinois,2004,1,"10R, 9D",1D,3R,1,3,0.25,0.75,"1D,1R",0,2R,0,2,0,1,D,1
illinois,2006,1,"10D, 9R",4D,1R,4,1,0.80,0.20,2D,1D,1R,1,1,1,1,D,1
illinois,2008,1,"11D, 8R",5D,0,5,0,1.00,0.00,2D,0,2R,0,2,0,1,D,1
illinois,2010,1,"12D, 7R",5D,0,5,0,1.00,0.00,2D,0,2R,0,2,0,1,D,1
illinois,2012,1,"11R, 8D",5D,0,5,0,1.00,0.00,"1D,1R",0,2R,0,2,0,1,D,1
illinois,2014,1,"12D, 6R",5D,4R,5,4,0.56,0.44,"1D,1R",0,1R,0,2,0,1,D,1
illinois,2016,1,"10D, 8R",5D,4R,5,4,0.56,0.44,"1D,1R",2D,0,1,1,1,1,D,1
indiana,1980,1,"7D, 4R",5D,4R,5,4,0.56,0.44,"1D,1R",0,1R,0,2,0,1,R,0
indiana,1982,1,"6D, 5R",4D,5R,4,5,0.44,0.56,2R,1D,0,1,0,1,0,R,0
indiana,1984,1,"5D, 5R",4D,5R,4,5,0.44,0.56,2R,1D,0,1,0,1,0,R,0
indiana,1986,1,"5D, 5R",4D,5R,4,5,0.44,0.56,2R,1D,0,1,0,1,0,R,0
indiana,1988,1,"6D, 4R",6D,4R,6,4,0.60,0.40,2R,2D,0,2,0,1,0,R,0
indiana,1990,1,"7D, 3R",6D,3R,6,3,0.67,0.33,2R,2D,0,2,0,1,0,R,0
indiana,1992,1,"8D, 2R",6D,3R,6,3,0.67,0.33,2R,0,1R,0,2,0,1,R,0
indiana,1994,1,"7D, 3R",6D,3R,6,3,0.67,0.33,2R,0,1R,0,2,0,1,R,0
indiana,1996,1,"6R, 4D",2D,6R,2,6,0.25,0.75,2R,0,1R,0,2,0,1,R,0
indiana,1998,1,"6R, 4D",8D,2R,8,2,0.80,0.20,"1D,1R",1D,0,1,1,1,1,R,0
indiana,2000,1,"6R, 4D",1D,1R,1,1,0.50,0.50,"1D,1R",2D,0,1,1,1,1,R,0
indiana,2002,1,"6R, 4D",1D,1R,1,1,0.50,0.50,"1D,1R",2D,0,1,1,1,1,R,0
indiana,2004,1,"6R, 3D",1D,1R,1,1,0.50,0.50,"1D,1R",2D,0,1,1,1,1,R,0
indiana,2006,1,"7R, 2D",1D,1R,1,1,0.50,0.50,"1D,1R",1D,1R,1,1,1,1,R,0
indiana,2008,1,"5D, 4R",1D,1R,1,1,0.50,0.50,"1D,1R",1D,1R,1,1,1,1,D,1
indiana,2010,1,"5D, 4R",1D,0,1,0,1.00,0.00,"1D,1R",1D,1R,1,1,1,1,D,1
indiana,2012,1,"6R, 3D",0,1R,0,1,0.00,1.00,2R,1D,1R,1,1,1,1,R,0
indiana,2014,1,"7R, 2D",0,1R,0,1,0.00,1.00,"1D,1R",1D,1R,1,1,1,1,R,0
indiana,2016,1,"7R, 2D",0,1R,0,1,0.00,1.00,"1D,1R",2D,0,1,1,1,1,R,0
iowa,1980,1,"3D, 3R",0,1R,0,1,0.00,1.00,"1D,1R",2D,0,1,1,1,1,R,0
iowa,1982,1,"3D, 3R",0,1R,0,1,0.00,1.00,2R,1D,1R,1,1,1,1,R,0
iowa,1984,1,"3D, 3R",1D,2R,1,2,0.33,0.67,2R,2D,0,2,0,1,0,R,0
iowa,1986,1,"4R, 2D",1D,2R,1,2,0.33,0.67,"1D,1R",2D,0,1,1,1,1,R,0
iowa,1988,1,"4R, 2D",1D,2R,1,2,0.33,0.67,"1D,1R",2D,0,1,1,1,1,D,1
iowa,1990,1,"4R, 2D",1D,2R,1,2,0.33,0.67,"1D,1R",2D,0,1,1,1,1,D,1
iowa,1992,1,"4R, 2D",1D,2R,1,2,0.33,0.67,"1D,1R",0,2R,0,2,0,1,D,1
iowa,1994,1,"4R, 1D",0,3R,0,3,0.00,1.00,"1D,1R",2D,0,1,1,1,1,D,1
iowa,1996,1,5R,0,3R,0,3,0.00,1.00,"1D,1R",1D,1R,1,1,1,1,D,1
iowa,1998,1,"4R, 1D",0,3R,0,3,0.00,1.00,"1D,1R",1D,1R,1,1,1,1,D,1
iowa,2000,1,"4R, 1D",0,3R,0,3,0.00,1.00,"1D,1R",1D,1R,1,1,1,1,D,1
iowa,2002,1,"4R, 1D",0,3R,0,3,0.00,1.00,"1D,1R",1D,1R,1,1,1,1,D,1
iowa,2004,1,"4R, 1D",0,3R,0,3,0.00,1.00,"1D,1R",1D,1R,1,1,1,1,R,0
iowa,2006,1,"4R, 1D",1D,0,1,0,1.00,0.00,"1D,1R",1D,1R,1,1,1,1,R,0
iowa,2008,1,"3D, 2R",1D,0,1,0,1.00,0.00,"1D,1R",1D,1R,1,1,1,1,D,1
iowa,2010,1,"3D, 2R",1D,1R,1,1,0.50,0.50,"1D,1R",1D,1R,1,1,1,1,D,1
iowa,2012,1,"3D, 2R",1D,1R,1,1,0.50,0.50,"1D,1R",2D,0,1,1,1,1,D,1
iowa,2014,1,"2D, 2R",1D,1R,1,1,0.50,0.50,"1D,1R",2D,0,1,1,1,1,D,1
iowa,2016,1,"3R, 1D",1D,1R,1,1,0.50,0.50,2R,2D,0,2,0,1,0,R,0
kansas,1980,1,"4R, 1D",1D,1R,1,1,0.50,0.50,2R,2D,0,2,0,1,0,R,0
kansas,1982,1,"4R, 1D",1D,1R,1,1,0.50,0.50,2R,1D,1R,1,1,1,1,R,0
kansas,1984,1,"3R, 2D",2D,1R,2,1,0.67,0.33,2R,1D,1R,1,1,1,1,R,0
kansas,1986,1,"3R, 2D",1D,2R,1,2,0.33,0.67,2R,1D,1R,1,1,1,1,R,0
kansas,1988,1,"3R, 2D",1D,3R,1,3,0.25,0.75,2R,1D,1R,1,1,1,1,R,0
kansas,1990,1,"3R, 2D",2D,2R,2,2,0.50,0.50,2R,1D,1R,1,1,1,1,R,0
kansas,1992,1,"3R, 2D",2D,2R,2,2,0.50,0.50,2R,0,2R,0,2,0,1,R,0
kansas,1994,1,"2D, 2R",2D,2R,2,2,0.50,0.50,2R,0,2R,0,2,0,1,R,0
kansas,1996,1,4R,2D,2R,2,2,0.50,0.50,2R,0,2R,0,2,0,1,R,0
kansas,1998,1,4R,4D,0,4,0,1.00,0.00,2R,1D,1R,1,1,1,1,R,0
kansas,2000,1,"3R, 1D",0,4R,0,4,0.00,1.00,2R,0,2R,0,2,0,1,R,0
kansas,2002,1,"3R, 1D",0,4R,0,4,0.00,1.00,2R,0,2R,0,2,0,1,R,0
kansas,2004,1,"3R, 1D",0,4R,0,4,0.00,1.00,2R,0,2R,0,2,0,1,R,0
kansas,2006,1,"3R, 1D",0,4R,0,4,0.00,1.00,2R,0,2R,0,2,0,1,R,0
kansas,2008,1,"2R, 2D",10D,5R,10,5,0.67,0.33,2R,2D,0,2,0,1,0,R,0
kansas,2010,1,"3R, 1D",7D,6R,7,6,0.54,0.46,2R,2D,0,2,0,1,0,R,0
kansas,2012,1,4R,7D,6R,7,6,0.54,0.46,2R,2D,0,2,0,1,0,R,0
kansas,2014,1,4R,7D,6R,7,6,0.54,0.46,2R,2D,0,2,0,1,0,R,0
kansas,2016,1,4R,7D,6R,7,6,0.54,0.46,2R,2D,0,2,0,1,0,R,0
kentucky,1980,1,"4D, 3R",8D,7R,8,7,0.53,0.47,2D,2D,0,2,0,1,0,R,0
kentucky,1982,1,"4D, 3R",8D,7R,8,7,0.53,0.47,2D,1D,1R,1,1,1,1,R,0
kentucky,1984,1,"4D, 3R",8D,6R,8,6,0.57,0.43,2D,2D,0,2,0,1,0,R,0
kentucky,1986,1,"4D, 3R",8D,6R,8,6,0.57,0.43,"1D,1R",2D,0,1,1,1,1,R,0
kentucky,1988,1,"4D, 3R",8D,6R,8,6,0.57,0.43,"1D,1R",2D,0,1,1,1,1,R,0
kentucky,1990,1,"4D, 3R",8D,5R,8,5,0.62,0.38,"1D,1R",2D,0,1,1,1,1,R,0
kentucky,1992,1,"4D, 3R",1D,1R,1,1,0.50,0.50,"1D,1R",0,2R,0,2,0,1,D,1
kentucky,1994,1,"3D, 3R",2D,1R,2,1,0.67,0.33,"1D,1R",2D,0,1,1,1,1,D,1
kentucky,1996,1,"4R, 2D",0,2R,0,2,0.00,1.00,"1D,1R",0,2R,0,2,0,1,D,1
kentucky,1998,1,"5R, 1D",1D,2R,1,2,0.33,0.67,"1D,1R",1D,1R,1,1,1,1,D,1
kentucky,2000,1,"5R, 1D",1D,2R,1,2,0.33,0.67,2R,1D,1R,1,1,1,1,R,0
kentucky,2002,1,"5R, 1D",1D,2R,1,2,0.33,0.67,2R,1D,1R,1,1,1,1,R,0
kentucky,2004,1,"4R, 2D",1D,2R,1,2,0.33,0.67,2R,1D,1R,1,1,1,1,R,0
kentucky,2006,1,"5R, 1D",1D,2R,1,2,0.33,0.67,2R,1D,1R,1,1,1,1,R,0
kentucky,2008,1,"4R, 2D",1D,2R,1,2,0.33,0.67,2R,1D,1R,1,1,1,1,R,0
kentucky,2010,1,"4R, 2D",1D,2R,1,2,0.33,0.67,2R,1D,1R,1,1,1,1,R,0
kentucky,2012,1,"4R, 2D",3D,0,3,0,1.00,0.00,2R,2D,0,2,0,1,0,R,0
kentucky,2014,1,"5R, 1D",18D,3R,18,3,0.86,0.14,2R,1D,1R,1,1,1,1,R,0
kentucky,2016,1,"5R, 1D",18D,9R,18,9,0.67,0.33,2R,2D,0,2,0,1,0,R,0
louisiana,1980,1,"5D, 3R",19D,2R,19,2,0.90,0.10,2D,2D,0,2,0,1,0,R,0
louisiana,1982,1,"6D, 2R",20D,4R,20,4,0.83,0.17,2D,1D,1R,1,1,1,1,R,0
louisiana,1984,1,"6D, 2R",21D,3R,21,3,0.88,0.13,2D,1D,1R,1,1,1,1,R,0
louisiana,1986,1,"6D, 2R",21D,3R,21,3,0.88,0.13,2D,1D,1R,1,1,1,1,R,0
louisiana,1988,1,"5D, 3R",22D,7R,22,7,0.76,0.24,2D,1D,1R,1,1,1,1,R,0
louisiana,1990,1,"4D, 4R",23D,6R,23,6,0.79,0.21,2D,2D,0,2,0,1,0,R,0
louisiana,1992,1,"4D, 4R",26D,3R,26,3,0.90,0.10,2D,1D,1R,1,1,1,1,D,1
louisiana,1994,1,"4D, 3R",3D,10R,3,10,0.23,0.77,2D,0,2R,0,2,0,1,D,1
louisiana,1996,1,"5R, 2D",7D,4R,7,4,0.64,0.36,2D,0,2R,0,2,0,1,D,1
louisiana,1998,1,"5R, 2D",7D,4R,7,4,0.64,0.36,2D,1D,1R,1,1,1,1,D,1
louisiana,2000,1,"5R, 2D",7D,6R,7,6,0.54,0.46,2D,0,2R,0,2,0,1,R,0
louisiana,2002,1,"5R, 2D",5D,7R,5,7,0.42,0.58,2D,1D,1R,1,1,1,1,R,0
louisiana,2004,1,"4R, 3D",8D,3R,8,3,0.73,0.27,2D,1D,1R,1,1,1,1,R,0
louisiana,2006,1,"5R, 2D",8D,4R,8,4,0.67,0.33,"1D,1R",0,2R,0,2,0,1,R,0
louisiana,2008,1,"5R, 2D",9D,2R,9,2,0.82,0.18,"1D,1R",1D,1R,1,1,1,1,R,0
louisiana,2010,1,"6R, 1D",0,1R,0,1,0.00,1.00,"1D,1R",0,2R,0,2,0,1,R,0
louisiana,2012,1,"6R, 1D",0,1R,0,1,0.00,1.00,"1D,1R",0,2R,0,2,0,1,R,0
louisiana,2014,1,"5R, 1D",0,1R,0,1,0.00,1.00,"1D,1R",0,2R,0,2,0,1,R,0
louisiana,2016,1,"5R, 1D",0,1R,0,1,0.00,1.00,2R,0,2R,0,2,0,1,R,0
maine,1980,1,2R,0,1R,0,1,0.00,1.00,,0,2R,0,2,0,1,R,0
maine,1982,1,2R,0,1R,0,1,0.00,1.00,,0,2R,0,2,0,1,R,0
maine,1984,1,2R,0,1R,0,1,0.00,1.00,1D,0,2R,0,2,0,1,R,0
maine,1986,1,2R,0,1R,0,1,0.00,1.00,"1D,1R",0,2R,0,2,0,1,R,0
maine,1988,1,"1D,1R",0,1R,0,1,0.00,1.00,"1D,1R",0,2R,0,2,0,1,R,0
maine,1990,1,"1D,1R",10D,9R,10,9,0.53,0.47,1R,2D,0,1,1,1,1,R,0
maine,1992,1,"1D,1R",10D,8R,10,8,0.56,0.44,,1D,1R,1,1,1,1,D,1
maine,1994,1,"1D,1R",11D,0,11,0,1.00,0.00,,2D,0,2,0,1,0,D,1
maine,1996,1,"1D,1R",11D,0,11,0,1.00,0.00,,2D,0,2,0,1,0,D,1
maine,1998,1,2D,11D,0,11,0,1.00,0.00,,2D,0,2,0,1,0,D,1
maine,2000,1,2D,8D,11R,8,11,0.42,0.58,,0,2R,0,2,0,1,D,1
maine,2002,1,2D,8D,11R,8,11,0.42,0.58,1R,0,2R,0,2,0,1,D,1
maine,2004,1,2D,7D,11R,7,11,0.39,0.61,2R,1D,1R,1,1,1,1,D,1
maine,2006,1,2D,4D,12R,4,12,0.25,0.75,2R,1D,1R,1,1,1,1,D,1
maine,2008,1,2D,0,13R,0,13,0.00,1.00,1R,2D,0,1,1,1,1,D,1
maine,2010,1,2D,0,13R,0,13,0.00,1.00,,2D,0,2,0,1,0,D,1
maine,2012,1,2D,3D,3R,3,3,0.50,0.50,,0,2R,0,2,0,1,D,1
maine,2014,1,2D,4D,2R,4,2,0.67,0.33,1I,1D,1R,1,1,1,1,D,1
maine,2016,1,"1D,1R",4D,2R,4,2,0.67,0.33,1I,1D,1R,1,1,1,1,R,0
maryland,1980,1,"6D, 2R",4D,2R,4,2,0.67,0.33,1R,1D,1R,1,1,1,1,D,1
maryland,1982,1,"7D, 1R",1D,4R,1,4,0.20,0.80,,0,2R,0,2,0,1,D,1
maryland,1984,1,"7D, 1R",1D,4R,1,4,0.20,0.80,,0,2R,0,2,0,1,R,0
maryland,1986,1,"6D, 2R",5D,1R,5,1,0.83,0.17,,1D,1R,1,1,1,1,R,0
maryland,1988,1,"6D, 2R",5D,1R,5,1,0.83,0.17,,1D,1R,1,1,1,1,R,0
maryland,1990,1,"6D, 2R",1D,5R,1,5,0.17,0.83,1D,0,2R,0,2,0,1,R,0
maryland,1992,1,"5D, 3R",0,5R,0,5,0.00,1.00,1D,0,2R,0,2,0,1,D,1
maryland,1994,1,"4D, 4R",0,5R,0,5,0.00,1.00,1D,0,2R,0,2,0,1,D,1
maryland,1996,1,"4D, 4R",0,6R,0,6,0.00,1.00,,0,2R,0,2,0,1,D,1
maryland,1998,1,"4D, 4R",3D,1R,3,1,0.75,0.25,,0,2R,0,2,0,1,D,1
maryland,2000,1,"4D, 4R",3D,2R,3,2,0.60,0.40,1D,0,2R,0,2,0,1,D,1
maryland,2002,1,"4D, 4R",3D,2R,3,2,0.60,0.40,1D,0,2R,0,2,0,1,D,1
maryland,2004,1,"6D, 2R",3D,2R,3,2,0.60,0.40,1D,0,2R,0,2,0,1,D,1
maryland,2006,1,"6D, 2R",4D,0,4,0,1.00,0.00,,0,2R,0,2,0,1,D,1
maryland,2008,1,"6D, 2R",4D,0,4,0,1.00,0.00,1D,0,2R,0,2,0,1,D,1
maryland,2010,1,"7D, 1R",4D,1R,4,1,0.80,0.20,1D,1D,1R,1,1,1,1,D,1
maryland,2012,1,"6D, 2R",4D,1R,4,1,0.80,0.20,1D,1D,1R,1,1,1,1,D,1
maryland,2014,1,"7D, 1R",4D,1R,4,1,0.80,0.20,,1D,1R,1,1,1,1,D,1
maryland,2016,1,"7D, 1R",4D,1R,4,1,0.80,0.20,,2D,0,2,0,1,0,D,1
massachusetts,1980,1,"10D,2R",4D,1R,4,1,0.80,0.20,2D,2D,0,2,0,1,0,D,1
massachusetts,1982,1,"10D,2R",11D,0,11,0,1.00,0.00,2D,1D,1R,1,1,1,1,D,1
massachusetts,1984,1,"10D,1R",11D,0,11,0,1.00,0.00,2D,0,2R,0,2,0,1,R,0
massachusetts,1986,1,"10D,1R",11D,8R,11,8,0.58,0.42,2D,1D,1R,1,1,1,1,D,1
massachusetts,1988,1,"10D,1R",0,11R,0,11,0.00,1.00,2D,0,2R,0,2,0,1,R,0
massachusetts,1990,1,"10D,1R",12D,1R,12,1,0.92,0.08,2D,0,2R,0,2,0,1,R,0
massachusetts,1992,1,11D,12D,1R,12,1,0.92,0.08,2D,0,2R,0,2,0,1,R,0
massachusetts,1994,1,"8D,2R",12D,7R,12,7,0.63,0.37,2D,2D,0,2,0,1,0,D,1
massachusetts,1996,1,"8D,2R",1D,12R,1,12,0.08,0.92,2D,1D,1R,1,1,1,1,D,1
massachusetts,1998,1,10D,13D,2R,13,2,0.87,0.13,2D,0,2R,0,2,0,1,R,0
massachusetts,2000,1,10D,5D,13R,5,13,0.28,0.72,2D,1D,1R,1,1,1,1,D,1
massachusetts,2002,1,10D,5D,13R,5,13,0.28,0.72,2D,1D,1R,1,1,1,1,D,1
massachusetts,2004,1,10D,15D,0,15,0,1.00,0.00,2D,0,2R,0,2,0,1,R,0
massachusetts,2006,1,10D,1D,1R,1,1,0.50,0.50,2D,1D,1R,1,1,1,1,D,1
massachusetts,2008,1,10D,1D,1R,1,1,0.50,0.50,2D,1D,1R,1,1,1,1,D,1
massachusetts,2010,1,10D,1D,1R,1,1,0.50,0.50,2D,1D,1R,1,1,1,1,D,1
massachusetts,2012,1,10D,2D,0,2,0,1.00,0.00,"1D,1R",1D,1R,1,1,1,1,D,1
massachusetts,2014,1,9D,2D,0,2,0,1.00,0.00,2D,1D,1R,1,1,1,1,D,1
massachusetts,2016,1,9D,2D,0,2,0,1.00,0.00,2D,1D,1R,1,1,1,1,D,1
michigan,1980,1,"10D, 6R",2D,0,2,0,1.00,0.00,"1D,1R",2D,0,1,1,1,1,D,1
michigan,1982,1,"9D, 7R",2D,0,2,0,1.00,0.00,2D,2D,0,2,0,1,0,D,1
michigan,1984,1,"9R, 6D",2D,0,2,0,1.00,0.00,2D,2D,0,2,0,1,0,D,1
michigan,1986,1,"9R, 6D",0,2R,0,2,0.00,1.00,2D,1D,1R,1,1,1,1,D,1
michigan,1988,1,"9R, 6D",3D,3R,3,3,0.50,0.50,2D,1D,1R,1,1,1,1,D,1
michigan,1990,1,"8D, 7R",4D,2R,4,2,0.67,0.33,2D,1D,1R,1,1,1,1,R,0
michigan,1992,1,"9R, 6D",4D,2R,4,2,0.67,0.33,2D,1D,1R,1,1,1,1,D,1
michigan,1994,1,"9R, 5D",4D,2R,4,2,0.67,0.33,2D,1D,1R,1,1,1,1,R,0
michigan,1996,1,"9R, 5D",4D,2R,4,2,0.67,0.33,2D,1D,1R,1,1,1,1,R,0
michigan,1998,1,"9R, 5D",4D,2R,4,2,0.67,0.33,2D,1D,1R,1,1,1,1,R,0
michigan,2000,1,"10D, 6R",2D,0,2,0,1.00,0.00,"1D,1R",2D,0,1,1,1,1,D,1
michigan,2002,1,"9D, 7R",2D,0,2,0,1.00,0.00,2D,2D,0,2,0,1,0,D,1
michigan,2004,1,"9R, 6D",2D,0,2,0,1.00,0.00,2D,2D,0,2,0,1,0,D,1
michigan,2006,1,"9R, 6D",0,2R,0,2,0.00,1.00,2D,1D,1R,1,1,1,1,D,1
michigan,2008,1,"9R, 6D",3D,3R,3,3,0.50,0.50,2D,1D,1R,1,1,1,1,D,1
michigan,2010,1,"8D, 7R",4D,2R,4,2,0.67,0.33,2D,1D,1R,1,1,1,1,R,0
michigan,2012,1,"9R, 6D",4D,2R,4,2,0.67,0.33,2D,1D,1R,1,1,1,1,D,1
michigan,2014,1,"9R, 5D",4D,2R,4,2,0.67,0.33,2D,1D,1R,1,1,1,1,R,0
michigan,2016,1,"9R, 5D",4D,2R,4,2,0.67,0.33,2D,1D,1R,1,1,1,1,R,0
minnesota,1980,1,"4DFL, 4R",2D,4R,2,4,0.33,0.67,2R,1D,1R,1,1,1,1,D,1
minnesota,1982,1,"5R, 3DFL",2D,4R,2,4,0.33,0.67,2R,1D,1R,1,1,1,1,D,1
minnesota,1984,1,"5DFL, 3R",2D,4R,2,4,0.33,0.67,2R,1D,1R,1,1,1,1,D,1
minnesota,1986,1,"5DFL, 3R",2D,4R,2,4,0.33,0.67,2R,0,2R,0,2,0,1,D,1
minnesota,1988,1,"5DFL, 3R",2D,4R,2,4,0.33,0.67,2R,0,2R,0,2,0,1,D,1
minnesota,1990,1,"5DFL, 3R",1D,1R,1,1,0.50,0.50,2R,1D,1R,1,1,1,1,D,1
minnesota,1992,1,"6DFL, 2R",1D,1R,1,1,0.50,0.50,"1u,1R,1n,2e,1L,1W,1P,1D,1F,1o,1s,1a,3l,1t",0,2R,0,2,0,1,D,1
minnesota,1994,1,"6DFL, 2R",1D,0,1,0,1.00,0.00,"1u,1R,1n,2e,1L,1W,1P,1D,1F,1o,1s,1a,3l,1t",1D,1R,1,1,1,1,D,1
minnesota,1996,1,"6DFL, 2R",1D,0,1,0,1.00,0.00,"1u,1R,1n,2e,1L,1W,1P,1D,1F,1o,1s,1a,3l,1t",1D,1R,1,1,1,1,D,1
minnesota,1998,1,"6DFL, 2R",1D,0,1,0,1.00,0.00,"1u,1R,1n,2e,1L,1W,1P,1D,1F,1o,1s,1a,3l,1t",1D,1R,1,1,1,1,D,1
minnesota,2000,1,"6DFL, 2R",1D,0,1,0,1.00,0.00,"1u,1R,1n,2e,1L,1W,1P,1D,1F,1o,1s,1a,3l,1t",1D,1R,1,1,1,1,D,1
minnesota,2002,1,"5DFL, 3R",1D,0,1,0,1.00,0.00,"1u,3a,2n,3l,2L,2e,1W,1M,2F,1P,1y,2o,1s,1k,3D,2t,1r",1D,1R,1,1,1,1,D,1
minnesota,2004,1,"4DFL, 4R",0,1R,0,1,0.00,1.00,"1R,2a,1n,1L,1M,1F,1y,1o,1k,2D,1t,1r",2D,0,2,0,1,0,D,1
minnesota,2006,1,"4DFL, 4R",0,1R,0,1,0.00,1.00,"1R,2a,1n,1L,1M,1F,1y,1o,1k,2D,1t,1r",2D,0,2,0,1,0,D,1
minnesota,2008,1,"5DFL, 3R",0,1R,0,1,0.00,1.00,"1u,1c,1R,1A,1a,1L,1m,1b,1D,1y,1h,1F,1K,1o,1l,1r",0,2R,0,2,0,1,D,1
minnesota,2010,1,"5DFL, 3R",5D,3R,5,3,0.63,0.38,"1u,1c,2A,1k,2a,2n,1e,2L,1m,1b,2D,1y,1h,3F,1K,1o,2l,2r",1D,1R,1,1,1,1,D,1
minnesota,2012,1,"4DFL, 4R",5D,4R,5,4,0.56,0.44,"1u,1c,2A,1k,2a,2n,1e,2L,1m,1b,2D,1y,1h,3F,1K,1o,2l,2r",0,2R,0,2,0,1,D,1
minnesota,2014,1,"5DFL, 3R",5D,4R,5,4,0.56,0.44,"1u,1c,2A,1k,2a,2n,1e,2L,1m,1b,2D,1y,1h,3F,1K,1o,2l,2r",0,2R,0,2,0,1,D,1
minnesota,2016,1,"5DFL, 3R",4D,5R,4,5,0.44,0.56,"1u,1c,2A,1k,2a,2n,1e,2L,1m,1b,2D,1y,1h,3F,1K,1o,2l,2r",0,2R,0,2,0,1,D,1
mississippi,1980,1,"3D, 2R",4D,5R,4,5,0.44,0.56,"1D,1R",0,2R,0,2,0,1,R,0
mississippi,1982,1,"4D, 1R",6D,3R,6,3,0.67,0.33,"1D,1R",2D,0,1,1,1,1,R,0
mississippi,1984,1,"3D, 2R",6D,3R,6,3,0.67,0.33,"1D,1R",2D,0,1,1,1,1,R,0
mississippi,1986,1,"3D, 2R",6D,3R,6,3,0.67,0.33,"1D,1R",2D,0,1,1,1,1,R,0
mississippi,1988,1,"4D, 1R",6D,3R,6,3,0.67,0.33,"1D,1R",2D,0,1,1,1,1,R,0
mississippi,1990,1,5D,2D,7R,2,7,0.22,0.78,2R,0,2R,0,2,0,1,R,0
mississippi,1992,1,5D,17D,0,17,0,1.00,0.00,2R,1D,1R,1,1,1,1,R,0
mississippi,1994,1,5D,17D,3R,17,3,0.85,0.15,2R,0,2R,0,2,0,1,R,0
mississippi,1996,1,"3D, 2R",17D,3R,17,3,0.85,0.15,2R,0,2R,0,2,0,1,R,0
mississippi,1998,1,"3R, 2D",19D,8R,19,8,0.70,0.30,2R,1D,1R,1,1,1,1,R,0
mississippi,2000,1,"3D, 2R",19D,8R,19,8,0.70,0.30,2R,1D,1R,1,1,1,1,R,0
mississippi,2002,1,"3D, 2R",3D,19R,3,19,0.14,0.86,2R,0,2R,0,2,0,1,R,0
mississippi,2004,1,"2D, 2R",2D,20R,2,20,0.09,0.91,2R,0,2R,0,2,0,1,R,0
mississippi,2006,1,"2D, 2R",21D,9R,21,9,0.70,0.30,2R,0,2R,0,2,0,1,R,0
mississippi,2008,1,"3D, 1R",1D,25R,1,25,0.04,0.96,2R,0,2R,0,2,0,1,R,0
mississippi,2010,1,"3D, 1R",2D,1R,2,1,0.67,0.33,2R,0,2R,0,2,0,1,R,0
mississippi,2012,1,"3R, 1D",2D,1R,2,1,0.67,0.33,2R,0,2R,0,2,0,1,R,0
mississippi,2014,1,"3R, 1D",0,2R,0,2,0.00,1.00,2R,0,2R,0,2,0,1,R,0
mississippi,2016,1,"3R, 1D",1D,2R,1,2,0.33,0.67,2R,0,2R,0,2,0,1,R,0
missouri,1980,1,"8D, 2R",1D,2R,1,2,0.33,0.67,1D,0,2R,0,2,0,1,R,0
missouri,1982,1,"6D, 4R",1D,2R,1,2,0.33,0.67,,0,2R,0,2,0,1,R,0
missouri,1984,1,"6D, 3R",1D,2R,1,2,0.33,0.67,1R,0,2R,0,2,0,1,R,0
missouri,1986,1,"6D, 3R",0,3R,0,3,0.00,1.00,1R,0,2R,0,2,0,1,R,0
missouri,1988,1,"5D, 4R",0,4R,0,4,0.00,1.00,1R,0,2R,0,2,0,1,R,0
missouri,1990,1,"5D, 4R",1D,0,1,0,1.00,0.00,,0,0,0,2,0,1,R,0
missouri,1992,1,"6D, 3R",1D,0,1,0,1.00,0.00,,0,0,2,0,1,0,D,1
missouri,1994,1,"6D, 3R",1D,0,1,0,1.00,0.00,1R,0,0,1,1,1,1,D,1
missouri,1996,1,"6D, 3R",0,4R,0,4,0.00,1.00,2R,1D,1R,1,1,1,1,D,1
missouri,1998,1,"5D, 4R",0,4R,0,4,0.00,1.00,2R,1D,1R,1,1,1,1,D,1
missouri,2000,1,"5D, 4R",0,4R,0,4,0.00,1.00,1R,0,0,1,1,1,1,R,0
missouri,2002,1,"5R, 4D",0,1R,0,1,0.00,1.00,1D,1D,1R,1,1,1,1,R,0
missouri,2004,1,"5R, 4D",0,1R,0,1,0.00,1.00,1R,1D,1R,1,1,1,1,R,0
missouri,2006,1,"5R, 4D",5D,5R,5,5,0.50,0.50,1R,0,2R,0,2,0,1,R,0
missouri,2008,1,"5R, 4D",5D,5R,5,5,0.50,0.50,1D,1D,1R,1,1,1,1,R,0
missouri,2010,1,"5R, 4D",6D,4R,6,4,0.60,0.40,1D,1D,1R,1,1,1,1,R,0
missouri,2012,1,"6R, 3D",6D,5R,6,5,0.55,0.45,"1D,1R",1D,1R,1,1,1,1,R,0
missouri,2014,1,"6R, 2D",6D,5R,6,5,0.55,0.45,1R,2D,0,1,1,1,1,R,0
missouri,2016,1,"6R, 2D",4D,6R,4,6,0.40,0.60,1R,0,0,1,1,1,1,R,0
montana,1980,1,"1D, 1R",7D,4R,7,4,0.64,0.36,2D,1D,1R,1,1,1,1,R,0
montana,1982,1,"1D, 1R",3D,8R,3,8,0.27,0.73,2D,0,2R,0,2,0,1,R,0
montana,1984,1,"1D, 1R",3D,8R,3,8,0.27,0.73,2D,1D,1R,1,1,1,1,R,0
montana,1986,1,"1D, 1R",3D,8R,3,8,0.27,0.73,2D,2D,0,2,0,1,0,R,0
montana,1988,1,"1D, 1R",1D,9R,1,9,0.10,0.90,2D,0,0,0,0,0,0,R,0
montana,1990,1,"1D, 1R",5D,2R,5,2,0.71,0.29,"1D,1R",1D,1R,1,1,1,1,R,0
montana,1992,1,"1D, 1R",5D,3R,5,3,0.63,0.38,"1D,1R",1D,1R,1,1,1,1,D,1
montana,1994,1,1D,5D,3R,5,3,0.63,0.38,"1D,1R",1D,1R,1,1,1,1,D,1
montana,1996,1,1D,5D,3R,5,3,0.63,0.38,"1D,1R",1D,1R,1,1,1,1,R,0
montana,1998,1,1R,5D,4R,5,4,0.56,0.44,"1D,1R",1D,1R,1,1,1,1,R,0
montana,2000,1,1R,6D,1R,6,1,0.86,0.14,"1D,1R",2D,0,1,1,1,1,R,0
montana,2002,1,1R,6D,3R,6,3,0.67,0.33,"1D,1R",2D,0,1,1,1,1,R,0
montana,2004,1,1R,6D,3R,6,3,0.67,0.33,"1D,1R",2D,0,1,1,1,1,R,0
montana,2006,1,1R,6D,3R,6,3,0.67,0.33,"1D,1R",2D,0,1,1,1,1,R,0
montana,2008,1,1R,6D,4R,6,4,0.60,0.40,2D,2D,0,2,0,1,0,R,0
montana,2010,1,1R,8D,1R,8,1,0.89,0.11,2D,1D,1R,1,1,1,1,R,0
montana,2012,1,1R,1D,0,1,0,1.00,0.00,2D,2D,0,2,0,1,0,R,0
montana,2014,1,1R,1D,0,1,0,1.00,0.00,2D,2D,0,2,0,1,0,R,0
montana,2016,1,1R,1D,0,1,0,1.00,0.00,"1D,1R",2D,0,1,1,1,1,R,0
nebraska,1980,1,"2R, 1D",1D,0,1,0,1.00,0.00,2D,2D,0,2,0,1,0,R,0
nebraska,1982,1,3R,1D,0,1,0,1.00,0.00,2D,2D,0,2,0,1,0,R,0
nebraska,1984,1,3R,1D,0,1,0,1.00,0.00,2D,2D,0,2,0,1,0,R,0
nebraska,1986,1,3R,1D,0,1,0,1.00,0.00,2D,2D,0,2,0,1,0,R,0
nebraska,1988,1,3R,1D,0,1,0,1.00,0.00,"1D,1R",2D,0,1,1,1,1,R,0
nebraska,1990,1,"2R, 1D",1D,0,1,0,1.00,0.00,2D,2D,0,2,0,1,0,R,0
nebraska,1992,1,"2R, 1D",1D,0,1,0,1.00,0.00,2D,2D,0,2,0,1,0,R,0
nebraska,1994,1,"2R, 1D",2D,1R,2,1,0.67,0.33,2D,2D,0,2,0,1,0,R,0
nebraska,1996,1,3R,2D,1R,2,1,0.67,0.33,2D,2D,0,2,0,1,0,R,0
nebraska,1998,1,3R,2D,1R,2,1,0.67,0.33,"1D,1R",2D,0,1,1,1,1,R,0
nebraska,2000,1,3R,3D,0,3,0,1.00,0.00,"1D,1R",2D,0,1,1,1,1,R,0
nebraska,2002,1,3R,0,3R,0,3,0.00,1.00,"1D,1R",1D,1R,1,1,1,1,R,0
nebraska,2004,1,3R,5D,4R,5,4,0.56,0.44,"1D,1R",2D,0,1,1,1,1,R,0
nebraska,2006,1,3R,5D,4R,5,4,0.56,0.44,"1D,1R",2D,0,1,1,1,1,R,0
nebraska,2008,1,3R,5D,3R,5,3,0.63,0.38,"1D,1R",2D,0,1,1,1,1,D,1
nebraska,2010,1,3R,5D,3R,5,3,0.63,0.38,"1D,1R",2D,0,1,1,1,1,D,1
nebraska,2012,1,3R,3D,5R,3,5,0.38,0.63,"1D,1R",1D,1R,1,1,1,1,R,0
nebraska,2014,1,3R,0,1R,0,1,0.00,1.00,2R,0,2R,0,2,0,1,R,0
nebraska,2016,1,"2R, 1D",0,1R,0,1,0.00,1.00,2R,0,2R,0,2,0,1,R,0
nevada,1980,1,1D,0,1R,0,1,0.00,1.00,"1D,1R",0,2R,0,2,0,1,R,0
nevada,1982,1,1D,0,1R,0,1,0.00,1.00,"1D,1R",0,2R,0,2,0,1,R,0
nevada,1984,1,"1D, 1R",0,1R,0,1,0.00,1.00,2R,0,2R,0,2,0,1,R,0
nevada,1986,1,"1D, 1R",0,1R,0,1,0.00,1.00,2R,0,2R,0,2,0,1,R,0
nevada,1988,1,"1D, 1R",0,1R,0,1,0.00,1.00,"1D,1R",0,2R,0,2,0,1,R,0
nevada,1990,1,"1D, 1R",0,1R,0,1,0.00,1.00,2D,0,2R,0,2,0,1,R,0
nevada,1992,1,"1D, 1R",0,1R,0,1,0.00,1.00,2D,0,2R,0,2,0,1,D,1
nevada,1994,1,"1D, 1R",1D,1R,1,1,0.50,0.50,2D,2,D,2,0,1,0,D,1
nevada,1996,1,2R,0,2R,0,2,0.00,1.00,2D,2,D,2,0,1,0,D,1
nevada,1998,1,2R,0,2R,0,2,0.00,1.00,2D,2,D,2,0,1,0,D,1
nevada,2000,1,"1R, 1D",1D,1R,1,1,0.50,0.50,2D,2,D,2,0,1,0,R,0
nevada,2002,1,"1R, 1D",1D,1R,1,1,0.50,0.50,"1D,1R",1,R,1,1,1,1,R,0
nevada,2004,1,"2R, 1D",1D,2R,1,2,0.33,0.67,"1D,1R",1,R,1,1,1,1,R,0
nevada,2006,1,"2R, 1D",1D,2R,1,2,0.33,0.67,"1D,1R",1,R,1,1,1,1,R,0
nevada,2008,1,"2R, 1D",1D,2R,1,2,0.33,0.67,"1D,1R",1,R,1,1,1,1,D,1
nevada,2010,1,"2D, 1R",2D,1R,2,1,0.67,0.33,"1D,1R",1,R,1,1,1,1,D,1
nevada,2012,1,"2R, 1D",1D,2R,1,2,0.33,0.67,"1D,1R",1,R,1,1,1,1,D,1
nevada,2014,1,"2R, 2D",2D,2R,2,2,0.50,0.50,"1D,1R",1,R,1,1,1,1,D,1
nevada,2016,1,"3R, 1D",1D,3R,1,3,0.25,0.75,"1D,1R",1,R,1,1,1,1,D,1
new hampshire,1980,1,"2D,2R",2D,2R,2,2,0.50,0.50,"1D,1R",1,R,1,1,1,1,R,0
new hampshire,1982,1,"2D,2R",2D,2R,2,2,0.50,0.50,2R,2,R,0,2,0,1,R,0
new hampshire,1984,1,"2D,2R",2D,2R,2,2,0.50,0.50,2R,2,R,0,2,0,1,R,0
new hampshire,1986,1,4R,0,4R,0,4,0.00,1.00,2R,2,R,0,2,0,1,R,0
new hampshire,1988,1,4R,0,4R,0,4,0.00,1.00,2R,2,R,0,2,0,1,R,0
new hampshire,1990,1,4R,0,4R,0,4,0.00,1.00,2R,2,R,0,2,0,1,R,0
new hampshire,1992,1,"2D,2R",2D,2R,2,2,0.50,0.50,2R,2,R,0,2,0,1,D,1
new hampshire,1994,1,"2D,2R",2D,2R,2,2,0.50,0.50,2R,2,R,0,2,0,1,D,1
new hampshire,1996,1,4R,0,4R,0,4,0.00,1.00,2R,2,R,0,2,0,1,D,1
new hampshire,1998,1,4R,0,4R,0,4,0.00,1.00,2R,2,R,0,2,0,1,D,1
new hampshire,2000,1,4R,0,4R,0,4,0.00,1.00,2R,2,R,0,2,0,1,R,0
new hampshire,2002,1,4R,0,4R,0,4,0.00,1.00,2R,2,R,0,2,0,1,R,0
new hampshire,2004,1,4R,0,4R,0,4,0.00,1.00,2R,2,R,0,2,0,1,D,1
new hampshire,2006,1,4R,0,4R,0,4,0.00,1.00,2R,2,R,0,2,0,1,D,1
new hampshire,2008,1,4D,4D,0,4,0,1.00,0.00,2R,2,R,0,2,0,1,D,1
new hampshire,2010,1,4D,4D,0,4,0,1.00,0.00,"1D,1R",1,R,1,1,1,1,D,1
new hampshire,2012,1,4R,0,4R,0,4,0.00,1.00,"1D,1R",1,R,1,1,1,1,D,1
new hampshire,2014,1,4D,4D,0,4,0,1.00,0.00,"1D,1R",1,R,1,1,1,1,D,1
new hampshire,2016,1,"2D,2R",2D,2R,2,2,0.50,0.50,"1D,1R",1,R,1,1,1,1,D,1
new jersey,1980,1,"10D, 5R",10D,5R,10,5,0.67,0.33,2D,2,D,2,0,1,0,R,0
new jersey,1982,1,"8D, 7R",8D,7R,8,7,0.53,0.47,2D,2,D,2,0,1,0,R,0
new jersey,1984,1,"9D, 5R",9D,5R,9,5,0.64,0.36,2D,2,D,2,0,1,0,R,0
new jersey,1986,1,"8D, 6R",8D,6R,8,6,0.57,0.43,2D,2,D,2,0,1,0,R,0
new jersey,1988,1,"8D, 6R",8D,6R,8,6,0.57,0.43,2D,2,D,2,0,1,0,R,0
new jersey,1990,1,"8D, 6R",8D,6R,8,6,0.57,0.43,2D,2,D,2,0,1,0,R,0
new jersey,1992,1,"8D, 6R",8D,6R,8,6,0.57,0.43,2D,2,D,2,0,1,0,D,1
new jersey,1994,1,"7D, 6R",7D,6R,7,6,0.54,0.46,2D,2,D,2,0,1,0,D,1
new jersey,1996,1,"8R, 5D",5D,8R,5,8,0.38,0.62,2D,2,D,2,0,1,0,D,1
new jersey,1998,1,"7R, 6D",6D,7R,6,7,0.46,0.54,2D,2,D,2,0,1,0,D,1
new jersey,2000,1,"7D, 6R",7D,6R,7,6,0.54,0.46,2D,2,D,2,0,1,0,D,1
new jersey,2002,1,"7D, 6R",7D,6R,7,6,0.54,0.46,2D,2,D,2,0,1,0,D,1
new jersey,2004,1,"7D, 6R",7D,6R,7,6,0.54,0.46,2D,2,D,2,0,1,0,D,1
new jersey,2006,1,"7D, 6R",7D,6R,7,6,0.54,0.46,2D,2,D,2,0,1,0,D,1
new jersey,2008,1,"7D, 6R",7D,6R,7,6,0.54,0.46,2D,2,D,2,0,1,0,D,1
new jersey,2010,1,"8D, 5R",8D,5R,8,5,0.62,0.38,2D,2,D,2,0,1,0,D,1
new jersey,2012,1,"7D, 6R",7D,6R,7,6,0.54,0.46,2D,2,D,2,0,1,0,D,1
new jersey,2014,1,"6R, 5D",5D,6R,5,6,0.45,0.55,2D,2,D,2,0,1,0,D,1
new jersey,2016,1,"6D, 6R",6D,6R,6,6,0.50,0.50,2D,2,D,2,0,1,0,D,1
new mexico,1980,1,"1R, 1D",1D,1R,1,1,0.50,0.50,2R,2,R,2,0,1,0,R,0
new mexico,1982,1,2R,0,2R,0,2,0.00,1.00,2R,2,R,2,0,1,0,R,0
new mexico,1984,1,"2R, 1D",1D,2R,1,2,0.33,0.67,"1D,1R",1,R,1,1,1,1,R,0
new mexico,1986,1,"2R, 1D",1D,2R,1,2,0.33,0.67,"1D,1R",1,R,1,1,1,1,R,0
new mexico,1988,1,"2R, 1D",1D,2R,1,2,0.33,0.67,"1D,1R",1,R,1,1,1,1,R,0
new mexico,1990,1,"2R, 1D",1D,2R,1,2,0.33,0.67,"1D,1R",1,R,1,1,1,1,R,0
new mexico,1992,1,"2R, 1D",1D,2R,1,2,0.33,0.67,"1D,1R",1,R,1,1,1,1,D,1
new mexico,1994,1,"2R, 1D",1D,2R,1,2,0.33,0.67,"1D,1R",1,R,1,1,1,1,D,1
new mexico,1996,1,"2R, 1D",1D,2R,1,2,0.33,0.67,"1D,1R",1,R,1,1,1,1,D,1
new mexico,1998,1,3R,0,3R,0,3,0.00,1.00,"1D,1R",1,R,1,1,1,1,D,1
new mexico,2000,1,"2R, 1D",1D,2R,1,2,0.33,0.67,"1D,1R",1,R,1,1,1,1,D,1
new mexico,2002,1,"2R, 1D",1D,2R,1,2,0.33,0.67,"1D,1R",1,R,1,1,1,1,D,1
new mexico,2004,1,"2R, 1D",1D,2R,1,2,0.33,0.67,"1D,1R",1,R,1,1,1,1,R,0
new mexico,2006,1,"2R, 1D",1D,2R,1,2,0.33,0.67,"1D,1R",1,R,1,1,1,1,R,0
new mexico,2008,1,"2R, 1D",1D,2R,1,2,0.33,0.67,"1D,1R",1,R,1,1,1,1,D,1
new mexico,2010,1,3D,3D,0,3,0,1.00,0.00,2D,2,D,2,1,1,1,D,1
new mexico,2012,1,"2D, 1R",2D,1R,2,1,0.67,0.33,2D,2,D,2,1,1,1,D,1
new mexico,2014,1,"2D, 1R",2D,1R,2,1,0.67,0.33,2D,2,D,2,1,1,1,D,1
new mexico,2016,1,"2D, 1R",2D,1R,2,1,0.67,0.33,2D,2,D,2,1,1,1,D,1
new york,1980,1,"26D, 13R",26D,13R,26,13,0.67,0.33,"1D,1R",1,R,1,1,1,1,R,0
new york,1982,1,"22D, 17R",22D,17R,22,17,0.56,0.44,"1D,1R",1,R,1,1,1,1,R,0
new york,1984,1,"20D, 14R",20D,14R,20,14,0.59,0.41,"1D,1R",1,R,1,1,1,1,R,0
new york,1986,1,"19D, 15R",19D,15R,19,15,0.56,0.44,"1D,1R",1,R,1,1,1,1,R,0
new york,1988,1,"20D, 14R",20D,14R,20,14,0.59,0.41,"1D,1R",1,R,1,1,1,1,D,1
new york,1990,1,"21D, 13R",21D,13R,21,13,0.62,0.38,"1D,1R",1,R,1,1,1,1,D,1
new york,1992,1,"21D, 13R",21D,13R,21,13,0.62,0.38,"1D,1R",1,R,1,1,1,1,D,1
new york,1994,1,"18D, 13R",18D,13R,18,13,0.58,0.42,"1D,1R",1,R,1,1,1,1,D,1
new york,1996,1,"17D, 14R",17D,14R,17,14,0.55,0.45,"1D,1R",1,R,1,1,1,1,D,1
new york,1998,1,"18D, 13R",18D,13R,18,13,0.58,0.42,"1D,1R",1,R,1,1,1,1,D,1
new york,2000,1,"19D, 12R",19D,12R,19,12,0.61,0.39,2D,2,D,2,0,1,0,D,1
new york,2002,1,"19D, 12R",19D,12R,19,12,0.61,0.39,2D,2,D,2,0,1,0,D,1
new york,2004,1,"19D, 10R",19D,10R,19,10,0.66,0.34,2D,2,D,2,0,1,0,D,1
new york,2006,1,"20D, 9R",20D, 9R,20,0,1.00,0.00,2D,2,D,2,0,1,0,D,1
new york,2008,1,"23D, 6R",23D, 6R,23,0,1.00,0.00,2D,2,D,2,0,1,0,D,1
new york,2012,1,"21D, 8R",21D, 8R,21,0,1.00,0.00,2D,2,D,2,0,1,0,D,1
new york,2014,1,"21D, 6R",21D, 6R,21,0,1.00,0.00,2D,2,D,2,0,1,0,D,1
new york,2016,1,"18D, 9R",18D, 9R,18,0,1.00,0.00,2D,2,D,2,0,1,0,D,1
north carolina,1980,1,"9D, 2R",9D, 2R,9,0,1.00,0.00,"1D,1R",1,R,1,1,1,1,D,1
north carolina,1982,1,"7D, 4R",7D,4R,7,4,0.64,0.36,2R,2,R,2,0,1,0,R,0
north carolina,1984,1,"9D, 2R",9D,2R,9,2,0.82,0.18,2R,2,R,2,0,1,0,R,0
north carolina,1986,1,"6D, 5R",6D,5R,6,5,0.55,0.45,2R,2,R,2,0,1,0,R,0
north carolina,1988,1,"8D, 3R",8D,3R,8,3,0.73,0.27,"1D,1R",1,R,1,1,1,1,R,0
north carolina,1990,1,"8D, 3R",8D,3R,8,3,0.73,0.27,"1D,1R",1,R,1,1,1,1,R,0
north carolina,1992,1,"7D, 4R",7D,4R,7,4,0.64,0.36,"1D,1R",1,R,1,1,1,1,R,0
north carolina,1994,1,"8D, 4R",8D,4R,8,4,0.67,0.33,2R,2,R,2,0,1,0,R,0
north carolina,1996,1,"8R, 4D",4D,8R,4,8,0.33,0.67,2R,2,R,2,0,1,0,R,0
north carolina,1998,1,"6R, 6D",6D,6R,6,6,0.50,0.50,2R,2,R,2,0,1,0,R,0
north carolina,2000,1,"7R, 5D",5D,7R,5,7,0.42,0.58,"1D,1R",1,R,1,1,1,1,R,0
north carolina,2002,1,"7R, 5D",5D,7R,5,7,0.42,0.58,"1D,1R",1,R,1,1,1,1,R,0
north carolina,2004,1,"7R, 6D",6D,7R,6,7,0.46,0.54,"1D,1R",1,R,1,1,1,1,R,0
north carolina,2006,1,"7R, 6D",6D,7R,6,7,0.46,0.54,2R,2,R,2,0,1,0,R,0
north carolina,2008,1,"7D, 6R",7D,6R,7,6,0.54,0.46,2R,2,R,2,0,1,0,R,0
north carolina,2010,1,"8D, 5R",8D,5R,8,5,0.62,0.38,"1D,1R",1,R,1,1,1,1,D,1
north carolina,2012,1,"7D, 6R",7D,6R,7,6,0.54,0.46,"1D,1R",1,R,1,1,1,1,D,1
north carolina,2014,1,"9R, 4D",4D,9R,4,9,0.31,0.69,"1D,1R",1,R,1,1,1,1,R,0
north carolina,2016,1,"10R, 3D",3D,10R,3,10,0.23,0.77,2R,2,R,2,0,1,0,R,0
north dakota,1980,1,1R,0,1R,0,1,0.00,1.00,"2u,1c,2i,1R,1k,2n,1e,1r,1L,1B,1P,2N,1Q,1d,1D,1t",2,t,2,0,1,0,R,0
north dakota,1982,1,1R,0,2R,0,2,0.00,1.00,"2u,1c,2i,1R,1k,2n,1e,1r,1L,1B,1P,2N,1Q,1d,1D,1t",2,t,2,0,1,0,R,0
north dakota,1984,1,1R,0,2R,0,2,0.00,1.00,"2u,1c,2i,1R,1k,2n,1e,1r,1L,1B,1P,2N,1Q,1d,1D,1t",2,t,2,0,1,0,R,0
north dakota,1986,1,1R,0,2R,0,2,0.00,1.00,"2u,1c,2i,1R,1k,2n,1e,1r,1L,1B,1P,2N,1Q,1d,1D,1t",2,t,2,0,1,0,R,0
north dakota,1988,1,1R,0,2R,0,2,0.00,1.00,"2u,1c,2i,1C,1k,1a,4n,2e,2r,2L,1K,1B,2P,1o,3N,1Q,2d,2D,2t",2,t,2,0,1,0,R,0
north dakota,1990,1,1R,0,2R,0,2,0.00,1.00,"2u,1c,2i,1C,1k,1a,4n,2e,2r,2L,1K,1B,2P,1o,3N,1Q,2d,2D,2t",2,t,2,0,1,0,R,0
north dakota,1992,1,1R,0,2R,0,2,0.00,1.00,"2c,1u,1i,1C,1J,3n,2e,2L,1a,1K,1B,2D,1y,2P,2N,1k,2d,2o,1l,1t,2r",2,r,2,0,1,0,R,0
north dakota,1994,1,1R,0,2R,0,2,0.00,1.00,"1C,2a,4n,1e,3r,2L,3D,2P,1B,1y,2N,1K,1g,1d,3o,1t",1,t,1,1,1,1,R,0
north dakota,1996,1,1R,0,2R,0,2,0.00,1.00,"1C,2a,4n,1e,3r,2L,3D,2P,1B,1y,2N,1K,1g,1d,3o,1t",1,t,1,1,1,1,R,0
north dakota,1998,1,1R,0,2R,0,2,0.00,1.00,"1C,2a,4n,1e,3r,2L,3D,2P,1B,1y,2N,1K,1g,1d,3o,1t",1,t,1,1,1,1,R,0
north dakota,2000,1,1R,0,2R,0,2,0.00,1.00,"1C,2a,4n,1e,3r,2L,3D,2P,1B,1y,2N,1K,1g,1d,3o,1t",1,t,1,1,1,1,R,0
north dakota,2002,1,1R,0,2R,0,2,0.00,1.00,"1C,2a,4n,1e,3r,2L,3D,2P,1B,1y,2N,1K,1g,1d,3o,1t",1,t,1,1,1,1,R,0
north dakota,2004,1,1R,0,2R,0,2,0.00,1.00,"1C,2a,4n,1e,3r,2L,3D,2P,1B,1y,2N,1K,1g,1d,3o,1t",1,t,1,1,1,1,R,0
north dakota,2006,1,1R,0,2R,0,2,0.00,1.00,"1C,2a,4n,1e,3r,2L,3D,2P,1B,1y,2N,1K,1g,1d,3o,1t",1,t,1,1,1,1,R,0
north dakota,2008,1,1R,0,2R,0,2,0.00,1.00,"1C,2a,4n,1e,3r,2L,3D,2P,1B,1y,2N,1K,1g,1d,3o,1t",1,t,1,1,1,1,R,0
north dakota,2010,1,1R,0,2R,0,2,0.00,1.00,"1C,2a,4n,1e,3r,2L,3D,2P,1B,1y,2N,1K,1g,1d,3o,1t",1,t,1,1,1,1,R,0
north dakota,2012,1,1R,0,1R,0,1,0.00,1.00,"1R,1C,1a,2n,1e,1r,1L,1D,1P,1N,1K,1d,1o,1t",1,t,1,1,1,1,R,0
north dakota,2014,1,1R,0,1R,0,1,0.00,1.00,"3i,1N,1R,2e,1L,1m,2H,1D,1P,1p,1k,1d,1a,1t",3,t,2,0,1,0,R,0
north dakota,2016,1,1R,0,1R,0,1,0.00,1.00,"3i,1N,1R,2e,1L,1m,2H,1D,1P,1p,1k,1d,1a,1t",3,t,2,0,1,0,R,0
ohio,1980,1,"13R, 10D",10D,13R,10,13,0.43,0.57,2D,2,D,2,0,1,0,R,0
ohio,1982,1,"13R, 10D",10D,13R,10,13,0.43,0.57,2D,2,D,2,0,1,0,R,0
ohio,1984,1,"11R, 10D",10D,11R,10,11,0.48,0.52,2D,2,D,2,0,1,0,R,0
ohio,1986,1,"11D, 10R",11D,0R,11,0,1.00,0.00,2D,2,D,2,0,1,0,R,0
ohio,1988,1,"11D, 10R",11D,0R,11,0,1.00,0.00,2D,2,D,2,0,1,0,R,0
ohio,1990,1,"11D, 10R",11D,0R,11,0,1.00,0.00,2D,2,D,2,0,1,0,R,0
ohio,1992,1,"11D, 10R",11D,0R,11,0,1.00,0.00,2D,2,D,2,0,1,0,D,1
ohio,1994,1,"10D, 9R",10D,9R,10,9,0.53,0.47,2D,2,D,2,0,1,0,D,1
ohio,1996,1,"13R, 6D", 6D,13R,6,13,0.32,0.68,"1D,1R",1,R,1,1,1,1,D,1
ohio,1998,1,"11R, 8D", 8D,11R,8,11,0.42,0.58,"1D,1R",1,R,1,1,1,1,D,1
ohio,2000,1,"11R, 8D", 8D,11R,8,11,0.42,0.58,2R,2,R,2,0,1,0,R,0
ohio,2002,1,"11R, 8D", 8D,11R,8,11,0.42,0.58,2R,2,R,2,0,1,0,R,0
ohio,2004,1,"12R, 6D", 6D,12R,6,12,0.33,0.67,2R,2,R,2,0,1,0,R,0
ohio,2006,1,"12R, 6D", 6D,12R,6,12,0.33,0.67,2R,2,R,2,0,1,0,R,0
ohio,2008,1,"11R, 7D", 7D,11R,7,11,0.39,0.61,"1D,1R",1,R,1,1,1,1,D,1
ohio,2010,1,"10D, 8R",10D,8R,10,8,0.56,0.44,"1D,1R",1,R,1,1,1,1,D,1
ohio,2012,1,"13R, 5D", 5D,13R,5,13,0.28,0.72,"1D,1R",1,R,1,1,1,1,D,1
ohio,2014,1,"12R, 4D", 4D,12R,4,12,0.25,0.75,"1D,1R",1,R,1,1,1,1,D,1
ohio,2016,1,"12R, 4D", 4D,12R,4,12,0.25,0.75,"1D,1R",1,R,1,1,1,1,R,0
oklahoma,1980,1,"5D, 1R",5D,1R,5,1,0.83,0.17,"1D,1R",1,R,1,1,1,1,R,0
oklahoma,1982,1,"5D, 1R",5D,1R,5,1,0.83,0.17,"1D,1R",1,R,1,1,1,1,R,0
oklahoma,1984,1,"5D, 1R",5D,1R,5,1,0.83,0.17,"1D,1R",1,R,1,1,1,1,R,0
oklahoma,1986,1,"5D, 1R",5D,1R,5,1,0.83,0.17,"1D,1R",1,R,1,1,1,1,R,0
oklahoma,1988,1,"4D, 2R",4D,2R,4,2,0.67,0.33,"1D,1R",1,R,1,1,1,1,R,0
oklahoma,1990,1,"4D, 2R",4D,2R,4,2,0.67,0.33,"1D,1R",1,R,1,1,1,1,R,0
oklahoma,1992,1,"4D, 2R",4D,2R,4,2,0.67,0.33,"1D,1R",1,R,1,1,1,1,R,0
oklahoma,1994,1,"4D, 2R",4D,2R,4,2,0.67,0.33,"1D,1R",1,R,1,1,1,1,R,0
oklahoma,1996,1,"5R, 1D",1D,5R,1,5,0.17,0.83,2R,2,R,2,0,1,0,R,0
oklahoma,1998,1,6R,0,6R,0,6,0.00,1.00,2R,2,R,2,0,1,0,R,0
oklahoma,2000,1,6R,0,6R,0,6,0.00,1.00,2R,2,R,2,0,1,0,R,0
oklahoma,2002,1,"5R, 1D",1D,5R,1,5,0.17,0.83,2R,2,R,2,0,1,0,R,0
oklahoma,2004,1,"4R, 1D",1D,4R,1,4,0.20,0.80,2R,2,R,2,0,1,0,R,0
oklahoma,2006,1,"4R, 1D",1D,4R,1,4,0.20,0.80,2R,2,R,2,0,1,0,R,0
oklahoma,2008,1,"4R, 1D",1D,4R,1,4,0.20,0.80,2R,2,R,2,0,1,0,R,0
oklahoma,2010,1,"4R, 1D",1D,4R,1,4,0.20,0.80,2R,2,R,2,0,1,0,R,0
oklahoma,2012,1,"4R, 1D",1D,4R,1,4,0.20,0.80,2R,2,R,2,0,1,0,R,0
oklahoma,2014,1,5R,0,5R,0,5,0.00,1.00,2R,2,R,2,0,1,0,R,0
oklahoma,2016,1,5R,0,5R,0,5,0.00,1.00,2R,2,R,2,0,1,0,R,0
oregon,1980,1,4D,4D,0,4,0,1.00,0.00,2R,2,R,2,0,1,0,R,0
oregon,1982,1,"3D, 1R",3D,1R,3,1,0.75,0.25,2R,2,R,2,0,1,0,R,0
oregon,1984,1,"3D, 2R",3D,2R,3,2,0.60,0.40,2R,2,R,2,0,1,0,R,0
oregon,1986,1,"3D, 2R",3D,2R,3,2,0.60,0.40,2R,2,R,2,0,1,0,R,0
oregon,1988,1,"3D, 2R",3D,2R,3,2,0.60,0.40,2R,2,R,2,0,1,0,D,1
oregon,1990,1,"3D, 2R",3D,2R,3,2,0.60,0.40,2R,2,R,2,0,1,0,D,1
oregon,1992,1,"4D, 1R",4D,1R,4,1,0.80,0.20,2R,2,R,2,0,1,0,D,1
oregon,1994,1,"4D, 1R",4D,1R,4,1,0.80,0.20,2R,2,R,2,0,1,0,D,1
oregon,1996,1,"3D, 2R",3D,2R,3,2,0.60,0.40,2R,2,R,2,0,1,0,D,1
oregon,1998,1,"4D, 1R",4D,1R,4,1,0.80,0.20,"1D,1R",1,R,1,1,1,1,D,1
oregon,2000,1,"4D, 1R",4D,1R,4,1,0.80,0.20,"1D,1R",1,R,1,1,1,1,D,1
oregon,2002,1,"4D, 1R",4D,1R,4,1,0.80,0.20,"1D,1R",1,R,1,1,1,1,D,1
oregon,2004,1,"4D, 1R",4D,1R,4,1,0.80,0.20,"1D,1R",1,R,1,1,1,1,D,1
oregon,2006,1,"4D, 1R",4D,1R,4,1,0.80,0.20,"1D,1R",1,R,1,1,1,1,D,1
oregon,2008,1,"4D, 1R",4D,1R,4,1,0.80,0.20,"1D,1R",1,R,1,1,1,1,D,1
oregon,2010,1,"4D, 1R",4D,1R,4,1,0.80,0.20,2D,2,D,2,0,1,0,D,1
oregon,2012,1,"4D, 1R",4D,1R,4,1,0.80,0.20,2D,2,D,2,0,1,0,D,1
oregon,2014,1,"4D, 1R",4D,1R,4,1,0.80,0.20,2D,2,D,2,0,1,0,D,1
oregon,2016,1,"4D, 1R",4D,1R,4,1,0.80,0.20,2D,2,D,2,0,1,0,D,1
pennsylvania,1980,1,"15D, 10R",15D,0R,15,0,1.00,0.00,2R,2,R,2,0,1,0,R,0
pennsylvania,1982,1,"13D, 12R",13D,2R,13,2,0.87,0.13,2R,2,R,2,0,1,0,R,0
pennsylvania,1984,1,"13D, 10R",13D,0R,13,0,1.00,0.00,2R,2,R,2,0,1,0,R,0
pennsylvania,1986,1,"13D, 10R",13D,0R,13,0,1.00,0.00,2R,2,R,2,0,1,0,R,0
pennsylvania,1988,1,"12D, 11R",12D,1R,12,1,0.92,0.08,2R,2,R,2,0,1,0,R,0
pennsylvania,1990,1,"12D, 11R",12D,1R,12,1,0.92,0.08,2R,2,R,2,0,1,0,R,0
pennsylvania,1992,1,"12R, 11D",11D,12R,11,12,0.48,0.52,"1D,1R",1,R,1,1,1,1,D,1
pennsylvania,1994,1,"11D, 10R",11D,0R,11,0,1.00,0.00,"1D,1R",1,R,1,1,1,1,D,1
pennsylvania,1996,1,"11D, 10R",11D,0R,11,0,1.00,0.00,2R,2,R,2,0,1,0,D,1
pennsylvania,1998,1,"11D, 10R",11D,0R,11,0,1.00,0.00,2R,2,R,2,0,1,0,D,1
pennsylvania,2000,1,"11D, 10R",11D,0R,11,0,1.00,0.00,2R,2,R,2,0,1,0,D,1
pennsylvania,2002,1,"11R, 10D",10D,11R,10,11,0.48,0.52,2R,2,R,2,0,1,0,D,1
pennsylvania,2004,1,"12R, 7D",7D,12R,7,12,0.37,0.63,2R,2,R,2,0,1,0,D,1
pennsylvania,2006,1,"12R, 7D",7D,12R,7,12,0.37,0.63,2R,2,R,2,0,1,0,D,1
pennsylvania,2008,1,"11D, 8R",11D,8R,11,8,0.58,0.42,"1D,1R",1,R,1,1,1,1,D,1
pennsylvania,2010,1,"12D, 7R",12D,7R,12,7,0.63,0.37,2D,2,D,2,0,1,0,D,1
pennsylvania,2012,1,"12R, 7D",7D,12R,7,12,0.37,0.63,"1D,1R",1,R,1,1,1,1,D,1
pennsylvania,2014,1,"13R, 5D",5D,13R,5,13,0.28,0.72,"1D,1R",1,R,1,1,1,1,D,1
pennsylvania,2016,1,"13R, 5D",5D,13R,5,13,0.28,0.72,"1D,1R",1,R,1,1,1,1,R,0
pennsylvania,2016,1,"13R, 5D",5D,13R,5,13,0.28,0.72,"1D,1R",1,R,1,1,1,1,R,0
rhode island,1980,1,2D,2D,0,2,0,1.00,0.00,"1D,1R",1,R,1,1,1,1,D,1
rhode island,1982,1,"1D,1R",1D,1R,1,1,0.50,0.50,"1D,1R",1,R,1,1,1,1,D,1
rhode island,1984,1,"1D,1R",1D,1R,1,1,0.50,0.50,"1D,1R",1,R,1,1,1,1,R,0
rhode island,1986,1,"1D,1R",1D,1R,1,1,0.50,0.50,"1D,1R",1,R,1,1,1,1,R,0
rhode island,1988,1,"1D,1R",1D,1R,1,1,0.50,0.50,"1D,1R",1,R,1,1,1,1,D,1
rhode island,1990,1,2R,0,2R,0,2,0.00,1.00,"1D,1R",1,R,1,1,1,1,D,1
rhode island,1992,1,"1D,1R",1D,1R,1,1,0.50,0.50,"1D,1R",1,R,1,1,1,1,D,1
rhode island,1994,1,"1D,1R",1D,1R,1,1,0.50,0.50,"1D,1R",1,R,1,1,1,1,D,1
rhode island,1996,1,2D,2D,0,2,0,1.00,0.00,"1D,1R",1,R,1,1,1,1,D,1
rhode island,1998,1,2D,2D,0,2,0,1.00,0.00,"1D,1R",1,R,1,1,1,1,D,1
rhode island,2000,1,2D,2D,0,2,0,1.00,0.00,"1D,1R",1,R,1,1,1,1,D,1
rhode island,2002,1,2D,2D,0,2,0,1.00,0.00,"1D,1R",1,R,1,1,1,1,D,1
rhode island,2004,1,2D,2D,0,2,0,1.00,0.00,"1D,1R",1,R,1,1,1,1,D,1
rhode island,2006,1,2D,2D,0,2,0,1.00,0.00,"1D,1R",1,R,1,1,1,1,D,1
rhode island,2008,1,2D,2D,0,2,0,1.00,0.00,2D,2,D,2,1,1,1,D,1
rhode island,2010,1,2D,2D,0,2,0,1.00,0.00,2D,2,D,2,1,1,1,D,1
rhode island,2012,1,2D,2D,0,2,0,1.00,0.00,2D,2,D,2,1,1,1,D,1
rhode island,2014,1,2D,2D,0,2,0,1.00,0.00,2D,2,D,2,1,1,1,D,1
rhode island,2016,1,2D,2D,0,2,0,1.00,0.00,2D,2,D,2,1,1,1,D,1
south carolina,1980,1,"4D, 2R",4D,2R,4,2,0.67,0.33,"1D,1R",1,R,1,1,1,1,D,1
south carolina,1982,1,"4R, 2D",2D,4R,2,4,0.33,0.67,"1D,1R",1,R,1,1,1,1,R,0
south carolina,1984,1,"3D, 3R",3D,3R,3,3,0.50,0.50,"1D,1R",1,R,1,1,1,1,R,0
south carolina,1986,1,"3D, 3R",3D,3R,3,3,0.50,0.50,"1D,1R",1,R,1,1,1,1,R,0
south carolina,1988,1,"4D, 2R",4D,2R,4,2,0.67,0.33,"1D,1R",1,R,1,1,1,1,R,0
south carolina,1990,1,"4D, 2R",4D,2R,4,2,0.67,0.33,"1D,1R",1,R,1,1,1,1,R,0
south carolina,1992,1,"4D, 2R",4D,2R,4,2,0.67,0.33,"1D,1R",1,R,1,1,1,1,R,0
south carolina,1994,1,"3D, 3R",3D,3R,3,3,0.50,0.50,"1D,1R",1,R,1,1,1,1,R,0
south carolina,1996,1,"4R, 2D",2D,4R,2,4,0.33,0.67,"1D,1R",1,R,1,1,1,1,R,0
south carolina,1998,1,"4R, 2D",2D,4R,2,4,0.33,0.67,"1D,1R",1,R,1,1,1,1,R,0
south carolina,2000,1,"4R, 2D",2D,4R,2,4,0.33,0.67,"1D,1R",1,R,1,1,1,1,R,0
south carolina,2002,1,"4R, 2D",2D,4R,2,4,0.33,0.67,"1D,1R",1,R,1,1,1,1,R,0
south carolina,2004,1,"4R, 2D",2D,4R,2,4,0.33,0.67,"1D,1R",1,R,1,1,1,1,R,0
south carolina,2006,1,"4R, 2D",2D,4R,2,4,0.33,0.67,2R,2,R,2,0,1,0,R,0
south carolina,2008,1,"4R, 2D",2D,4R,2,4,0.33,0.67,2R,2,R,2,0,1,0,R,0
south carolina,2010,1,"4R, 2D",2D,4R,2,4,0.33,0.67,2R,2,R,2,0,1,0,R,0
south carolina,2012,1,"5R, 1D",1D,5R,1,5,0.17,0.83,2R,2,R,2,0,1,0,R,0
south carolina,2014,1,"6R, 1D",1D,6R,1,6,0.14,0.86,2R,2,R,2,0,1,0,R,0
south carolina,2016,1,"6R, 1D",1D,6R,1,6,0.14,0.86,2R,2,R,2,0,1,0,R,0
south dakota,1980,1,"1D, 1R",1D,1R,1,1,0.50,0.50,"1D,1R",1,R,1,1,1,1,R,0
south dakota,1982,1,"1D, 1R",1D,1R,1,1,0.50,0.50,2R,2,R,2,0,1,0,R,0
south dakota,1984,1,1D,1D,0,1,0,1.00,0.00,2R,2,R,2,0,1,0,R,0
south dakota,1986,1,1D,1D,0,1,0,1.00,0.00,2R,2,R,2,0,1,0,R,0
south dakota,1988,1,1D,1D,0,1,0,1.00,0.00,"1D,1R",1,R,1,1,1,1,R,0
south dakota,1990,1,1D,1D,0,1,0,1.00,0.00,"1D,1R",1,R,1,1,1,1,R,0
south dakota,1992,1,1D,1D,0,1,0,1.00,0.00,"1D,1R",1,R,1,1,1,1,R,0
south dakota,1994,1,1D,1D,0,1,0,1.00,0.00,"1D,1R",1,R,1,1,1,1,R,0
south dakota,1996,1,1D,1D,0,1,0,1.00,0.00,"1D,1R",1,R,1,1,1,1,R,0
south dakota,1998,1,1R,0,1R,0,1,0.00,1.00,2D,2,D,2,0,1,0,R,0
south dakota,2000,1,1R,0,1R,0,1,0.00,1.00,2D,2,D,2,0,1,0,R,0
south dakota,2002,1,1R,0,1R,0,1,0.00,1.00,2D,2,D,2,0,1,0,R,0
south dakota,2004,1,1D,1D,0,1,0,1.00,0.00,2D,2,D,2,0,1,0,R,0
south dakota,2006,1,1D,1D,0,1,0,1.00,0.00,"1D,1R",1,R,1,1,1,1,R,0
south dakota,2008,1,1D,1D,0,1,0,1.00,0.00,"1D,1R",1,R,1,1,1,1,R,0
south dakota,2010,1,1D,1D,0,1,0,1.00,0.00,"1D,1R",1,R,1,1,1,1,R,0
south dakota,2012,1,1R,0,1R,0,1,0.00,1.00,"1D,1R",1,R,1,1,1,1,R,0
south dakota,2014,1,1R,0,1R,0,1,0.00,1.00,"1D,1R",1,R,1,1,1,1,R,0
south dakota,2016,1,1R,0,1R,0,1,0.00,1.00,2R,2,R,2,1,1,1,R,0
tennessee,1980,1,"5D, 3R",5D,3R,5,3,0.63,0.38,"1D,1R",1,R,1,1,1,1,R,0
tennessee,1982,1,"5D, 3R",5D,3R,5,3,0.63,0.38,"1D,1R",1,R,1,1,1,1,R,0
tennessee,1984,1,"6D, 3R",6D,3R,6,3,0.67,0.33,"1D,1R",1,R,1,1,1,1,R,0
tennessee,1986,1,"6D, 3R",6D,3R,6,3,0.67,0.33,2D,2,D,2,0,1,0,R,0
tennessee,1988,1,"6D, 3R",6D,3R,6,3,0.67,0.33,2D,2,D,2,0,1,0,R,0
tennessee,1990,1,"6D, 3R",6D,3R,6,3,0.67,0.33,2D,2,D,2,0,1,0,R,0
tennessee,1992,1,"6D, 3R",6D,3R,6,3,0.67,0.33,2D,2,D,2,0,1,0,D,1
tennessee,1994,1,"6D, 3R",6D,3R,6,3,0.67,0.33,2D,2,D,2,0,1,0,D,1
tennessee,1996,1,"5R, 4D",4D,5R,4,5,0.44,0.56,2R,2,R,2,0,1,0,D,1
tennessee,1998,1,"5R, 4D",4D,5R,4,5,0.44,0.56,2R,2,R,2,0,1,0,D,1
tennessee,2000,1,"5R, 4D",4D,5R,4,5,0.44,0.56,2R,2,R,2,0,1,0,R,0
tennessee,2002,1,"5R, 4D",4D,5R,4,5,0.44,0.56,2R,2,R,2,0,1,0,R,0
tennessee,2004,1,"5D, 4R",5D,4R,5,4,0.56,0.44,2R,2,R,2,0,1,0,R,0
tennessee,2006,1,"5D, 4R",5D,4R,5,4,0.56,0.44,2R,2,R,2,0,1,0,R,0
tennessee,2008,1,"5D, 4R",5D,4R,5,4,0.56,0.44,2R,2,R,2,0,1,0,R,0
tennessee,2010,1,"5D, 4R",5D,4R,5,4,0.56,0.44,2R,2,R,2,0,1,0,R,0
tennessee,2012,1,"7R, 2D",2D,7R,2,7,0.22,0.78,2R,2,R,2,0,1,0,R,0
tennessee,2014,1,"7R, 2D",2D,7R,2,7,0.22,0.78,2R,2,R,2,0,1,0,R,0
tennessee,2016,1,"7R, 2D",2D,7R,2,7,0.22,0.78,2R,2,R,2,0,1,0,R,0
texas,1980,1,"20D, 4R",20D,4R,20,4,0.83,0.17,"1D,1R",1,R,1,1,1,1,R,0
texas,1982,1,"19D, 5R",19D,5R,19,5,0.79,0.21,"1D,1R",1,R,1,1,1,1,R,0
texas,1984,1,"21D, 6R",21D,6R,21,6,0.78,0.22,"1D,1R",1,R,1,1,1,1,R,0
texas,1986,1,"17D, 10R",17D,0R,17,0,1.00,0.00,"1D,1R",1,R,1,1,1,1,R,0
texas,1988,1,"17D, 10R",17D,0R,17,0,1.00,0.00,"1D,1R",1,R,1,1,1,1,R,0
texas,1990,1,"19D, 8R",19D,8R,19,8,0.70,0.30,"1D,1R",1,R,1,1,1,1,R,0
texas,1992,1,"19D, 8R",19D,8R,19,8,0.70,0.30,"1D,1R",1,R,1,1,1,1,R,0
texas,1994,1,"21D, 9R",21D,9R,21,9,0.70,0.30,2R,2,R,2,0,1,0,R,0
texas,1996,1,"18D, 12R",18D,2R,18,2,0.90,0.10,2R,2,R,2,0,1,0,R,0
texas,1998,1,"17D, 13R",17D,3R,17,3,0.85,0.15,2R,2,R,2,0,1,0,R,0
texas,2000,1,"17D, 13R",17D,3R,17,3,0.85,0.15,2R,2,R,2,0,1,0,R,0
texas,2002,1,"17D, 13R",17D,3R,17,3,0.85,0.15,2R,2,R,2,0,1,0,R,0
texas,2004,1,"17D, 15R",17D,5R,17,5,0.77,0.23,2R,2,R,2,0,1,0,R,0
texas,2006,1,"21R, 11D",11D,21R,11,21,0.34,0.66,2R,2,R,2,0,1,0,R,0
texas,2008,1,"19R, 13D",13D,19R,13,19,0.41,0.59,2R,2,R,2,0,1,0,R,0
texas,2010,1,"20R, 12D",12D,20R,12,20,0.38,0.63,2R,2,R,2,0,1,0,R,0
texas,2012,1,"23R, 9D",9D,23R,9,23,0.28,0.72,2R,2,R,2,0,1,0,R,0
texas,2014,1,"24R, 12D",12D,24R,12,24,0.33,0.67,2R,2,R,2,0,1,0,R,0
texas,2016,1,"25R, 11D",11D,25R,11,25,0.31,0.69,2R,2,R,2,0,1,0,R,0
utah,1980,1,"1D, 1R",1D,1R,1,1,0.50,0.50,2R,2,R,2,0,1,0,R,0
utah,1982,1,2R,0,2R,0,2,0.00,1.00,2R,2,R,2,0,1,0,R,0
utah,1984,1,3R,0,3R,0,3,0.00,1.00,2R,2,R,2,0,1,0,R,0
utah,1986,1,3R,0,3R,0,3,0.00,1.00,2R,2,R,2,0,1,0,R,0
utah,1988,1,"2R, 1D",1D,2R,1,2,0.33,0.67,2R,2,R,2,0,1,0,R,0
utah,1990,1,"2R, 1D",1D,2R,1,2,0.33,0.67,2R,2,R,2,0,1,0,R,0
utah,1992,1,"2D, 1R",2D,1R,2,1,0.67,0.33,2R,2,R,2,0,1,0,R,0
utah,1994,1,"2D, 1R",2D,1R,2,1,0.67,0.33,2R,2,R,2,0,1,0,R,0
utah,1996,1,"2R, 1D",1D,2R,1,2,0.33,0.67,2R,2,R,2,0,1,0,R,0
utah,1998,1,3R,0,3R,0,3,0.00,1.00,2R,2,R,2,0,1,0,R,0
utah,2000,1,3R,0,3R,0,3,0.00,1.00,2R,2,R,2,0,1,0,R,0
utah,2002,1,"2R, 1D",1D,2R,1,2,0.33,0.67,2R,2,R,2,0,1,0,R,0
utah,2004,1,"2R, 1D",1D,2R,1,2,0.33,0.67,2R,2,R,2,0,1,0,R,0
utah,2006,1,"2R, 1D",1D,2R,1,2,0.33,0.67,2R,2,R,2,0,1,0,R,0
utah,2008,1,"2R, 1D",1D,2R,1,2,0.33,0.67,2R,2,R,2,0,1,0,R,0
utah,2010,1,"2R, 1D",1D,2R,1,2,0.33,0.67,2R,2,R,2,0,1,0,R,0
utah,2012,1,"2R, 1D",1D,2R,1,2,0.33,0.67,2R,2,R,2,0,1,0,R,0
utah,2014,1,"3R, 1D",1D,3R,1,3,0.25,0.75,2R,2,R,2,0,1,0,R,0
utah,2016,1,4R,0,4R,0,4,0.00,1.00,2R,2,R,2,0,1,0,R,0
vermont,1980,1,1R,0,1R,0,1,0.00,1.00,"1D,1R",1,R,1,1,1,1,R,0
vermont,1982,1,1R,0,1R,0,1,0.00,1.00,"1D,1R",1,R,1,1,1,1,R,0
vermont,1984,1,1R,0,1R,0,1,0.00,1.00,"1D,1R",1,R,1,1,1,1,R,0
vermont,1986,1,1R,0,1R,0,1,0.00,1.00,"1D,1R",1,R,1,1,1,1,R,0
vermont,1988,1,1R,0,1R,0,1,0.00,1.00,"1D,1R",1,R,1,1,1,1,R,0
vermont,1990,1,1R,0,1R,0,1,0.00,1.00,"1D,1R",1,R,1,1,1,1,R,0
vermont,1992,1,1I,1I,0,1,0,1.00,0.00,"1D,1R",1,R,1,1,1,1,D,1
vermont,1994,1,1I,1I,0,1,0,1.00,0.00,"1D,1R",1,R,1,1,1,1,D,1
vermont,1996,1,1I,1I,0,1,0,1.00,0.00,"1D,1R",1,R,1,1,1,1,D,1
vermont,1998,1,1I,1I,0,1,0,1.00,0.00,"1D,1R",1,R,1,1,1,1,D,1
vermont,2000,1,1I,1I,0,1,0,1.00,0.00,"1D,1R",1,R,1,1,1,1,D,1
vermont,2002,1,1I,1I,0,1,0,1.00,0.00,"1I,1D",1,D,1,1,1,1,D,1
vermont,2004,1,1I,1I,0,1,0,1.00,0.00,"1I,1D",1,D,1,1,1,1,D,1
vermont,2006,1,1I,1I,0,1,0,1.00,0.00,"1I,1D",1,D,1,1,1,1,D,1
vermont,2008,1,1D,1D,0,1,0,1.00,0.00,"1I,1D",1,D,1,1,1,1,D,1
vermont,2010,1,1D,1D,0,1,0,1.00,0.00,"1I,1D",1,D,1,1,1,1,D,1
vermont,2012,1,1D,1D,0,1,0,1.00,0.00,"1I,1D",1,D,1,1,1,1,D,1
vermont,2014,1,1D,1D,0,1,0,1.00,0.00,"1I,1D",1,D,1,1,1,1,D,1
vermont,2016,1,1D,1D,0,1,0,1.00,0.00,"1I,1D",1,D,1,1,1,1,D,1
virginia,1980,1,"6R, 4D",4D,6R,4,6,0.40,0.60,"1I,1R",1,R,1,1,1,1,R,0
virginia,1982,1,"9R, 1D",1D,9R,1,9,0.10,0.90,"1I,1R",1,R,1,1,1,1,R,0
virginia,1984,1,"6R, 4D",4D,6R,4,6,0.40,0.60,2R,2,R,2,0,1,0,R,0
virginia,1986,1,"6R, 4D",4D,6R,4,6,0.40,0.60,2R,2,R,2,0,1,0,R,0
virginia,1988,1,"5R, 5D",5D,5R,5,5,0.50,0.50,2R,2,R,2,0,1,0,R,0
virginia,1990,1,"5R, 5D",5D,5R,5,5,0.50,0.50,"1D,1R",1,R,1,1,1,1,R,0
virginia,1992,1,"6D, 4R",6D,4R,6,4,0.60,0.40,"1D,1R",1,R,1,1,1,1,R,0
virginia,1994,1,"7D, 4R",7D,4R,7,4,0.64,0.36,"1D,1R",1,R,1,1,1,1,R,0
virginia,1996,1,"6D, 5R",6D,5R,6,5,0.55,0.45,"1D,1R",1,R,1,1,1,1,R,0
virginia,1998,1,"6D, 5R",6D,5R,6,5,0.55,0.45,"1D,1R",1,R,1,1,1,1,R,0
virginia,2000,1,"6D, 5R",6D,5R,6,5,0.55,0.45,"1D,1R",1,R,1,1,1,1,R,0
virginia,2002,1,"6R, 4D, 1I",1I,6R,1,6,0.14,0.86,2R,2,R,2,0,1,0,R,0
virginia,2004,1,"8R, 3D",3D,8R,3,8,0.27,0.73,2R,2,R,2,0,1,0,R,0
virginia,2006,1,"8R, 3D",3D,8R,3,8,0.27,0.73,2R,2,R,2,0,1,0,R,0
virginia,2008,1,"8R, 3D",3D,8R,3,8,0.27,0.73,"1D,1R",1,R,1,1,1,1,D,1
virginia,2010,1,"6D, 5R",6D,5R,6,5,0.55,0.45,2D,2,D,2,0,1,0,D,1
virginia,2012,1,"8R, 3D",3D,8R,3,8,0.27,0.73,2D,2,D,2,0,1,0,D,1
virginia,2014,1,"8R, 3D",3D,8R,3,8,0.27,0.73,2D,2,D,2,0,1,0,D,1
virginia,2016,1,"8R, 3D",3D,8R,3,8,0.27,0.73,2D,2,D,2,0,1,0,D,1
washington,1980,1,"6D, 1R",6D,1R,6,1,0.86,0.14,2D,2,D,2,0,1,0,R,0
washington,1982,1,"5D, 2R",5D,2R,5,2,0.71,0.29,"1D,1R",1,R,1,1,1,1,R,0
washington,1984,1,"5D, 3R",5D,3R,5,3,0.63,0.38,2R,2,R,2,0,1,0,R,0
washington,1986,1,"5D, 3R",5D,3R,5,3,0.63,0.38,2R,2,R,2,0,1,0,R,0
washington,1988,1,"5D, 3R",5D,3R,5,3,0.63,0.38,"1D,1R",1,R,1,1,1,1,D,1
washington,1990,1,"5D, 3R",5D,3R,5,3,0.63,0.38,"1D,1R",1,R,1,1,1,1,D,1
washington,1992,1,"5D, 3R",5D,3R,5,3,0.63,0.38,"1D,1R",1,R,1,1,1,1,D,1
washington,1994,1,"8D, 1R",8D,1R,8,1,0.89,0.11,"1D,1R",1,R,1,1,1,1,D,1
washington,1996,1,"7R, 2D",2D,7R,2,7,0.22,0.78,"1D,1R",1,R,1,1,1,1,D,1
washington,1998,1,"6R, 3D",3D,6R,3,6,0.33,0.67,"1D,1R",1,R,1,1,1,1,D,1
washington,2000,1,"5D, 4R",5D,4R,5,4,0.56,0.44,"1D,1R",1,R,1,1,1,1,D,1
washington,2002,1,"6D, 3R",6D,3R,6,3,0.67,0.33,2D,2,D,2,0,1,0,D,1
washington,2004,1,"6D, 3R",6D,3R,6,3,0.67,0.33,2D,2,D,2,0,1,0,D,1
washington,2006,1,"6D, 3R",6D,3R,6,3,0.67,0.33,2D,2,D,2,0,1,0,D,1
washington,2008,1,"6D, 3R",6D,3R,6,3,0.67,0.33,2D,2,D,2,0,1,0,D,1
washington,2010,1,"6D, 3R",6D,3R,6,3,0.67,0.33,2D,2,D,2,0,1,0,D,1
washington,2012,1,"5D, 4R",5D,4R,5,4,0.56,0.44,2D,2,D,2,0,1,0,D,1
washington,2014,1,"6D, 4R",6D,4R,6,4,0.60,0.40,2D,2,D,2,0,1,0,D,1
washington,2016,1,"6D, 4R",6D,4R,6,4,0.60,0.40,2D,2,D,2,0,1,0,D,1
west virginia,2000,1,3 D,3D,0,3,0,1.00,0.00,2D,2,D,2,0,1,0,R,0
west virginia,1980,1,"2 D1 R",2D,1R,2,1,0.67,0.33,2D,2,D,2,0,1,0,R,0
west virginia,1982,1,"2 D1 R",2D,1R,2,1,0.67,0.33,2D,2,D,2,0,1,0,R,0
west virginia,1984,1,"2 D1 R",2D,1R,2,1,0.67,0.33,2D,2,D,2,0,1,0,R,0
west virginia,1986,1,"2 D1 R",2D,1R,2,1,0.67,0.33,2D,2,D,2,0,1,0,R,0
west virginia,1988,1,"2 D1 R",2D,1R,2,1,0.67,0.33,2D,2,D,2,0,1,0,R,0
west virginia,1990,1,"2 R1 D",2D,1R,2,1,0.67,0.33,2D,2,D,2,0,1,0,R,0
west virginia,1992,1,"2 R1 D",1D,2R,1,2,0.33,0.67,2D,2,D,2,0,1,0,R,0
west virginia,1994,1,"2 R1 D",1D,2R,1,2,0.33,0.67,2D,2,D,2,0,1,0,R,0
west virginia,1996,1,"2 R1 D",1D,2R,1,2,0.33,0.67,2D,2,D,2,0,1,0,R,0
west virginia,1998,1,"2 R1 D",1D,2R,1,2,0.33,0.67,2D,2,D,2,0,1,0,R,0
west virginia,2002,1,"2 D1 R",2D,1R,2,1,0.67,0.33,2D,2,D,2,0,1,0,R,0
west virginia,2004,1,"2 D1 R",2D,1R,2,1,0.67,0.33,2D,2,D,2,0,1,0,R,0
west virginia,2006,1,"2 D1 R",2D,1R,2,1,0.67,0.33,2D,2,D,2,0,1,0,R,0
west virginia,2008,1,"2 D1 R",2D,1R,2,1,0.67,0.33,2D,2,D,2,0,1,0,R,0
west virginia,2010,1,"2 D1 R",2D,1R,2,1,0.67,0.33,2D,2,D,2,0,1,0,R,0
west virginia,2012,1,"2 R1 D",2D,1R,2,1,0.67,0.33,2D,2,D,2,0,1,0,R,0
west virginia,2014,1,"2 R1 D",1D,2R,1,2,0.33,0.67,2D,2,D,2,0,1,0,R,0
west virginia,2016,1,3 R,0,3R,0,3,0.00,1.00,"1D,1R",1,R,1,1,1,1,R,0
wisconsin,1980,1,"5D, 4R",5D,4R,5,4,0.56,0.44,2D,2,D,2,0,1,0,D,1
wisconsin,1982,1,"5D, 4R",5D,4R,5,4,0.56,0.44,2D,2,D,2,0,1,0,D,1
wisconsin,1984,1,"4R, 4D",4D,4R,4,4,0.50,0.50,2D,2,D,2,0,1,0,D,1
wisconsin,1986,1,"4R, 4D",4D,4R,4,4,0.50,0.50,2D,2,D,2,0,1,0,D,1
wisconsin,1988,1,"5D, 3R",5D,3R,5,3,0.63,0.38,2D,2,D,2,0,1,0,D,1
wisconsin,1990,1,"5D, 3R",5D,3R,5,3,0.63,0.38,2D,2,D,2,0,1,0,D,1
wisconsin,1992,1,"5R, 3D",3D,5R,3,5,0.38,0.63,"1D,1R",1,R,1,1,1,1,D,1
wisconsin,1994,1,"5R, 3D",3D,5R,3,5,0.38,0.63,"1D,1R",1,R,1,1,1,1,D,1
wisconsin,1996,1,"5R, 3D",3D,5R,3,5,0.38,0.63,"1D,1R",1,R,1,1,1,1,R,0
wisconsin,1998,1,"5R, 3D",3D,5R,3,5,0.38,0.63,"1D,1R",1,R,1,1,1,1,R,0
wisconsin,2000,1,"5D, 4R",5D,4R,5,4,0.56,0.44,2D,2,D,2,0,1,0,D,1
wisconsin,2002,1,"5D, 4R",5D,4R,5,4,0.56,0.44,2D,2,D,2,0,1,0,D,1
wisconsin,2004,1,"4R, 4D",4D,4R,4,4,0.50,0.50,2D,2,D,2,0,1,0,D,1
wisconsin,2006,1,"4R, 4D",4D,4R,4,4,0.50,0.50,2D,2,D,2,0,1,0,D,1
wisconsin,2008,1,"5D, 3R",5D,3R,5,3,0.63,0.38,2D,2,D,2,0,1,0,D,1
wisconsin,2010,1,"5D, 3R",5D,3R,5,3,0.63,0.38,2D,2,D,2,0,1,0,D,1
wisconsin,2012,1,"5R, 3D",3D,5R,3,5,0.38,0.63,"1D,1R",1,R,1,1,1,1,D,1
wisconsin,2014,1,"5R, 3D",3D,5R,3,5,0.38,0.63,"1D,1R",1,R,1,1,1,1,D,1
wisconsin,2016,1,"5R, 3D",3D,5R,3,5,0.38,0.63,"1D,1R",1,R,1,1,1,1,R,0
wyoming,1980,1,1R,0,1R,0,1,0.00,1.00,2R,2,R,0,2,0,1,R,0
wyoming,1982,1,1R,0,1R,0,1,0.00,1.00,2R,2,R,0,2,0,1,R,0
wyoming,1984,1,1R,0,1R,0,1,0.00,1.00,2R,2,R,0,2,0,1,R,0
wyoming,1986,1,1R,0,1R,0,1,0.00,1.00,2R,2,R,0,2,0,1,R,0
wyoming,1988,1,1R,0,1R,0,1,0.00,1.00,2R,2,R,0,2,0,1,R,0
wyoming,1990,1,1R,0,1R,0,1,0.00,1.00,2R,2,R,0,2,0,1,R,0
wyoming,1992,1,1R,0,1R,0,1,0.00,1.00,2R,2,R,0,2,0,1,R,0
wyoming,1994,1,1R,0,1R,0,1,0.00,1.00,2R,2,R,0,2,0,1,R,0
wyoming,1996,1,1R,0,1R,0,1,0.00,1.00,2R,2,R,0,2,0,1,R,0
wyoming,1998,1,1R,0,1R,0,1,0.00,1.00,2R,2,R,0,2,0,1,R,0
wyoming,2000,1,1R,0,1R,0,1,0.00,1.00,2R,2,R,0,2,0,1,R,0
wyoming,2002,1,1R,0,1R,0,1,0.00,1.00,2R,2,R,0,2,0,1,R,0
wyoming,2004,1,1R,0,1R,0,1,0.00,1.00,2R,2,R,0,2,0,1,R,0
wyoming,2006,1,1R,0,1R,0,1,0.00,1.00,2R,2,R,0,2,0,1,R,0
wyoming,2008,1,1R,0,1R,0,1,0.00,1.00,2R,2,R,0,2,0,1,R,0
wyoming,2010,1,1R,0,1R,0,1,0.00,1.00,2R,2,R,0,2,0,1,R,0
wyoming,2012,1,1R,0,1R,0,1,0.00,1.00,2R,2,R,0,2,0,1,R,0
wyoming,2014,1,1R,0,1R,0,1,0.00,1.00,2R,2,R,0,2,0,1,R,0
wyoming,2016,1,1R,0,1R,0,1,0.00,1.00,2R,2,R,0,2,0,1,R,0